,Ans_1,Ans_2,Ans_3,Ans_4,Ans_5,Ans_6,Ans_7,Ans_8,Ans_9,Ans_10,Ans_11,Ans_12,Ans_13,Ans_14,Ans_15,Ans_16,Ans_17,Ans_18,Ans_19,Ans_20,Ans_21,Ans_22,Ans_23,Ans_24,Ans_25,Ans_26,Ans_27,Ans_28,Ans_29,Ans_30
0,5,5,4,1,1,5,1,1,1,4,4,1,2,4,1,4,2,2,2,5,2,4,4,4,4,4,4,4,3,4
1,5,2,4,1,1,5,4,3,2,2,2,2,2,3,2,4,1,2,2,2,5,5,4,2,2,2,2,2,1,3
2,5,4,2,2,2,4,6,4,6,3,4,4,2,4,6,3,1,2,3,2,2,1,4,3,3,4,3,2,5,3
3,5,3,4,1,4,5,4,5,1,4,1,3,2,5,3,3,2,5,2,2,2,3,5,2,1,5,1,3,5,3
4,4,4,2,5,1,4,3,4,3,4,4,4,5,5,3,5,1,3,3,3,3,1,2,2,3,3,3,2,1,1
5,5,4,4,2,2,5,2,4,1,1,2,5,2,3,2,3,1,3,1,2,1,3,1,2,2,3,1,2,1,1
6,5,4,4,2,2,2,5,5,3,1,5,1,1,5,2,3,2,2,1,2,2,4,5,2,4,4,2,2,5,4
7,2,4,2,2,1,4,4,1,5,2,2,1,4,5,4,3,1,2,1,2,5,3,5,1,2,4,1,1,1,1
8,4,3,4,2,2,4,3,4,2,1,1,4,1,3,4,4,2,2,1,2,4,5,3,2,3,4,2,3,5,2
9,4,3,4,6,2,4,4,4,2,2,2,3,2,3,2,3,2,6,2,1,4,5,5,3,3,3,2,1,1,3
10,1,2,4,4,1,1,2,2,2,1,2,4,2,2,2,4,1,2,3,1,3,2,2,2,2,2,2,2,4,2
11,4,2,2,3,3,3,1,3,1,1,1,5,1,1,3,5,1,1,1,3,5,5,5,1,3,4,2,4,5,1
12,5,5,5,1,1,5,5,1,1,1,1,1,1,1,1,5,1,1,1,1,5,5,3,1,1,5,1,1,1,1
13,5,5,5,2,2,4,4,2,1,1,1,2,1,4,3,1,2,5,5,2,2,1,3,3,3,3,1,1,1,3
14,5,2,4,4,2,4,2,2,3,2,2,2,1,4,3,4,2,4,1,2,2,5,5,3,2,4,3,2,4,3
15,4,3,4,4,2,4,3,2,4,4,2,2,4,2,2,3,2,2,2,2,2,2,2,4,4,4,2,2,1,2
16,3,2,1,3,3,4,2,1,4,1,2,3,3,4,3,4,1,1,2,2,4,1,3,1,1,2,2,3,2,1
17,4,2,2,4,4,4,3,2,3,1,2,4,1,1,3,4,2,2,1,3,5,4,5,2,1,2,2,2,5,2
18,5,4,3,1,2,5,1,5,1,1,5,4,1,1,1,5,1,1,1,4,5,5,5,1,4,5,1,5,5,1
19,5,2,4,2,2,4,4,2,2,1,1,3,2,2,3,4,1,3,4,4,5,4,5,3,2,5,3,3,5,2
20,5,2,4,2,2,4,4,4,2,1,2,3,2,3,2,3,1,2,2,2,5,5,5,1,4,5,2,2,5,2
21,5,5,5,5,1,5,1,5,2,1,4,3,1,4,1,4,2,3,3,3,1,4,5,4,4,4,1,4,5,1
22,5,3,4,4,4,2,1,3,6,2,3,5,1,3,2,5,2,3,1,4,2,5,5,2,5,5,3,3,5,3
23,5,2,4,2,3,1,5,4,3,3,4,4,1,4,4,4,3,4,2,2,3,2,4,4,2,2,2,2,1,2
24,1,1,1,1,1,1,1,1,1,1,1,1,1,5,5,1,1,1,3,5,5,1,1,1,1,1,1,1,5,1
25,5,5,3,3,3,3,3,3,3,2,4,4,2,4,3,4,2,2,2,2,1,1,1,2,2,2,1,2,4,2
26,5,5,5,3,3,5,5,3,2,1,2,4,1,3,3,4,4,4,3,4,3,4,5,4,5,4,1,4,4,2
27,5,5,5,1,1,5,1,1,1,1,1,1,5,1,1,1,1,2,2,1,5,2,5,1,1,5,1,1,1,1
28,5,2,5,2,4,4,5,2,2,1,1,4,1,3,2,4,1,2,4,4,1,5,2,4,1,2,1,1,4,1
29,5,3,4,2,2,5,3,5,1,1,1,2,2,2,3,5,3,3,3,3,4,4,4,3,3,4,1,1,3,3
30,4,4,4,4,2,4,3,4,4,2,4,2,2,4,2,2,2,6,4,3,1,2,2,3,2,1,3,2,5,2
31,5,2,4,4,2,4,3,4,2,1,4,3,2,4,2,4,1,4,3,2,2,3,4,4,3,4,1,4,5,3
32,1,1,1,5,5,2,2,2,1,2,4,4,2,1,2,5,1,1,1,5,5,5,4,1,1,5,1,5,5,1
33,5,2,4,1,2,5,4,3,2,1,4,3,2,4,2,2,1,5,3,1,4,4,5,2,2,5,2,3,5,1
34,5,5,1,1,5,5,1,1,1,1,1,5,1,1,1,5,1,3,1,3,5,5,5,1,1,5,1,5,5,1
35,4,4,4,2,2,4,2,2,4,2,4,4,2,4,2,4,2,2,2,2,4,4,4,2,4,4,4,2,4,2
36,4,4,2,3,4,5,2,4,3,1,1,4,2,2,3,4,1,4,4,2,2,4,4,2,2,4,1,1,5,1
37,5,5,2,4,2,5,3,4,1,1,1,2,2,1,4,5,1,2,1,3,2,5,5,2,2,5,1,2,5,1
38,1,4,1,1,1,5,5,1,2,3,3,3,3,5,3,3,3,3,3,3,3,3,5,3,3,1,3,1,1,3
39,3,2,2,3,1,4,4,5,3,5,2,3,1,4,2,4,1,2,3,4,5,1,1,1,1,4,4,1,5,1
40,5,5,5,2,2,4,4,4,2,2,4,4,2,4,2,4,1,4,4,4,2,5,5,4,4,4,2,2,4,2
41,3,1,2,2,4,4,2,4,2,2,4,5,2,2,2,3,1,3,1,4,5,4,5,2,1,5,2,3,5,4
42,5,4,5,5,3,5,1,4,3,1,1,4,2,4,2,2,1,5,1,2,2,4,4,1,4,1,1,4,1,1
43,5,5,1,5,5,4,3,4,1,1,2,5,1,2,3,4,2,3,2,4,4,5,5,4,3,5,3,3,2,1
44,5,5,2,2,4,5,5,5,1,2,5,1,1,4,2,4,1,5,1,1,2,5,4,1,5,4,2,2,5,1
45,5,4,4,2,2,5,1,4,2,2,2,2,2,2,1,2,1,3,2,2,2,2,5,4,4,4,2,3,4,2
46,5,2,4,1,4,5,4,3,2,1,5,3,2,2,2,4,1,2,2,2,4,4,5,1,2,3,2,2,1,3
47,5,4,2,4,2,2,2,4,6,2,4,3,4,1,3,4,5,6,2,4,1,5,4,1,1,1,3,1,5,1
48,3,4,1,4,2,4,4,4,4,2,4,4,2,2,2,4,2,2,4,2,2,2,4,4,2,2,2,2,4,2
49,1,1,1,5,5,1,1,5,1,1,1,5,1,2,6,4,2,1,2,1,2,5,5,5,1,2,1,2,4,1
50,4,4,2,6,4,3,2,2,4,2,5,4,2,4,4,5,1,3,2,1,5,2,5,1,2,3,3,4,1,1
51,5,4,3,4,3,4,4,4,2,3,4,4,3,4,4,4,1,3,2,4,6,6,5,6,6,4,2,4,4,3
52,5,1,5,2,4,5,1,5,4,1,4,5,1,1,4,5,1,2,2,1,5,4,5,1,1,1,1,1,1,1
53,5,2,2,4,4,2,2,2,4,4,3,2,2,2,4,4,1,4,2,4,4,4,3,4,4,3,3,2,4,2
54,5,5,5,1,1,5,1,1,2,1,2,2,1,3,4,5,2,2,1,1,1,5,5,2,2,2,1,5,5,2
55,4,4,4,2,3,4,4,5,1,1,1,4,1,1,3,4,2,4,2,1,4,5,2,2,3,5,1,6,3,2
56,5,3,3,4,2,4,2,5,3,1,2,2,2,3,3,5,1,3,1,5,6,3,5,1,1,1,1,1,4,1
57,5,3,4,4,3,4,4,6,3,3,4,4,2,4,3,3,2,4,2,1,2,1,4,2,2,4,3,2,3,2
58,5,4,2,2,1,4,4,4,4,1,4,1,1,1,3,2,2,1,2,2,2,2,5,4,1,2,1,2,5,2
59,5,1,4,2,2,5,5,3,1,1,1,2,1,2,5,4,1,1,1,2,2,1,2,1,1,3,1,1,1,1
60,2,2,2,2,2,3,2,4,3,5,5,3,4,4,1,4,3,2,2,4,4,5,4,2,5,4,5,2,5,2
61,4,6,5,6,6,6,3,3,2,6,6,5,1,2,6,6,2,2,2,2,2,3,4,6,1,5,6,4,5,2
62,4,2,3,2,3,4,5,4,3,2,2,3,1,3,6,3,1,2,2,2,3,3,2,3,2,4,2,2,5,2
63,4,4,2,3,1,2,1,4,4,1,1,3,1,4,2,5,1,1,2,1,3,1,5,1,1,1,2,2,5,1
64,5,4,4,2,2,4,4,2,2,3,2,2,3,3,4,4,2,2,2,2,2,2,4,3,3,3,2,2,3,2
65,4,2,1,1,4,4,2,2,3,1,4,5,2,1,3,4,1,2,1,2,5,3,5,1,4,3,3,2,5,1
66,4,6,1,6,1,4,6,1,1,3,5,6,2,2,2,6,2,2,2,2,6,6,6,1,6,5,2,2,5,1
67,5,4,5,1,2,5,2,3,2,1,2,2,1,1,2,3,2,2,2,2,1,5,3,4,2,5,1,2,1,4
68,5,5,3,2,2,5,4,3,2,4,3,3,2,3,1,3,1,2,2,2,2,4,5,3,5,5,1,2,1,3
69,4,6,2,2,3,3,3,3,2,1,4,2,2,4,3,4,2,4,3,4,4,2,2,3,4,4,3,2,5,2
70,5,4,5,2,2,5,3,3,3,2,2,2,2,2,3,4,2,4,2,2,3,3,2,4,2,3,2,3,5,3
71,5,3,5,5,4,2,5,5,5,1,4,5,2,5,1,5,3,5,4,4,2,2,5,3,1,1,1,2,5,3
72,5,3,4,2,1,4,4,3,6,1,2,2,1,4,6,2,2,6,4,4,2,1,3,3,6,2,6,1,5,2
73,4,4,5,3,2,3,3,2,4,2,4,3,3,2,3,4,1,3,2,3,1,2,4,4,2,3,1,1,3,1
74,5,2,5,1,1,5,2,1,1,1,1,2,1,3,1,5,2,4,1,4,5,2,2,1,2,5,5,1,4,4
75,4,3,4,3,4,4,4,2,6,2,5,4,3,2,3,4,2,3,2,4,4,3,4,3,2,4,3,4,5,2
76,1,2,2,4,4,1,1,2,4,2,1,4,2,4,2,5,1,2,2,2,5,5,5,4,4,2,2,2,5,1
77,5,5,2,1,4,5,1,2,1,1,4,5,1,2,3,5,1,1,1,5,5,1,5,1,5,1,1,5,5,1
78,4,2,2,5,4,3,1,3,2,2,2,4,3,4,3,5,1,2,2,2,5,1,3,1,3,2,1,1,5,1
79,5,5,5,4,4,5,4,1,3,1,4,5,2,2,2,4,2,5,4,4,2,2,4,5,5,3,1,3,5,4
80,1,1,4,4,4,3,4,5,5,1,1,5,1,1,5,3,1,1,1,5,5,5,5,1,1,4,1,1,5,1
81,5,3,5,4,2,5,2,4,3,4,3,4,3,4,2,4,1,2,3,2,1,1,5,1,3,2,2,2,5,1
82,4,4,4,2,4,4,2,1,3,1,1,4,3,4,3,5,1,3,3,5,3,1,1,1,3,3,4,1,2,1
83,2,4,1,4,4,2,3,4,4,2,5,4,2,4,4,5,1,2,1,2,5,2,5,2,1,3,1,1,5,1
84,5,4,4,1,3,2,1,1,4,2,4,5,1,1,1,5,1,2,1,1,3,2,5,3,1,4,1,4,1,1
85,4,4,3,4,4,4,2,2,2,2,1,5,1,1,3,5,1,1,2,3,4,5,4,3,2,5,1,1,5,5
86,5,3,3,4,3,5,3,4,2,2,4,3,4,4,2,4,1,4,2,4,5,4,5,3,2,2,1,3,5,2
87,5,4,2,1,2,4,4,2,2,4,3,2,4,3,3,3,2,2,2,1,1,1,3,4,2,1,3,1,4,1
88,5,4,4,1,2,5,3,4,4,3,3,3,6,4,4,3,1,4,2,1,5,5,5,1,2,3,4,2,5,1
89,3,2,2,3,2,1,1,1,1,3,5,3,3,3,3,5,1,1,1,5,5,1,4,1,1,1,5,1,5,1
90,5,4,1,2,1,5,2,5,5,1,4,1,2,4,1,5,1,1,1,1,1,1,2,5,4,2,1,1,5,2
91,2,2,2,3,2,4,4,3,5,5,4,2,4,4,2,3,1,4,4,2,4,1,4,3,1,1,1,1,5,1
92,5,5,4,4,2,5,1,4,4,1,1,2,4,3,2,2,1,1,1,1,1,4,5,1,1,4,1,1,5,1
93,5,3,3,3,2,4,3,4,3,4,5,2,3,5,3,3,1,3,1,2,2,2,3,2,5,2,3,3,3,2
94,5,4,4,4,4,4,4,4,3,2,2,4,2,2,2,4,1,2,2,2,2,4,4,2,2,4,1,2,5,2
95,4,4,5,4,3,4,3,5,2,3,2,4,2,3,2,3,3,4,2,2,1,4,2,3,5,4,1,2,5,3
96,4,2,5,4,1,5,4,4,4,2,1,1,5,2,4,2,2,1,2,1,1,1,2,1,3,1,1,2,1,1
97,5,4,4,2,3,4,4,1,3,1,2,1,1,5,3,4,1,5,2,5,1,2,5,2,1,1,1,2,2,1
98,4,3,4,3,6,4,6,6,6,6,4,4,3,4,6,4,3,2,2,3,2,3,5,3,5,5,2,3,4,3
99,5,4,3,2,5,4,1,5,6,3,4,5,2,2,2,5,1,1,1,4,3,4,4,2,1,3,1,3,5,1
100,5,4,5,2,2,5,5,5,5,1,5,1,5,5,2,5,5,5,5,5,5,5,5,1,5,5,5,1,1,1
101,4,4,4,2,2,5,4,4,2,2,5,2,1,4,4,4,1,1,4,2,4,2,5,4,4,3,1,1,5,2
102,5,3,5,4,1,3,5,4,1,3,5,3,1,5,5,3,1,5,5,2,5,1,3,1,1,3,1,1,1,1
103,5,6,4,2,2,4,3,2,2,1,4,2,2,4,2,2,2,4,4,2,2,4,5,3,2,4,2,2,1,2
104,5,5,5,5,2,5,1,3,5,1,5,3,1,5,1,5,1,1,2,5,5,5,5,1,1,5,2,1,5,2
105,2,4,4,3,1,3,4,4,5,4,1,3,4,2,2,3,2,2,3,1,1,1,5,3,5,5,4,2,4,4
106,5,1,5,2,5,5,4,4,1,1,1,4,2,2,4,5,1,1,2,2,4,4,4,2,4,4,1,2,5,2
107,5,4,4,2,4,5,3,4,3,2,4,4,2,4,3,4,1,4,2,2,4,4,4,2,3,4,2,3,5,2
108,5,1,5,1,1,5,5,1,5,1,1,3,1,1,1,5,1,1,1,1,3,5,5,1,3,5,1,1,5,3
109,5,4,4,3,2,5,3,4,3,2,2,2,2,2,3,4,2,2,2,4,2,5,5,3,5,5,3,2,5,2
110,3,5,6,3,4,4,4,4,2,2,2,4,2,1,4,4,1,2,2,2,4,4,1,1,1,1,2,2,4,2
111,5,3,3,3,2,5,1,4,4,1,2,3,2,1,1,3,1,5,3,1,4,2,4,1,1,5,2,2,5,2
112,5,2,4,4,2,5,2,4,3,4,5,1,3,4,3,5,1,5,1,4,5,5,5,3,1,5,2,3,1,3
113,5,5,4,2,2,5,3,4,1,1,3,2,2,2,2,3,1,2,2,2,1,4,3,3,5,3,1,1,3,2
114,1,3,2,5,3,2,3,4,3,1,4,4,3,3,2,5,2,3,2,1,4,1,3,4,2,3,1,2,5,1
115,5,5,5,1,1,5,5,5,1,1,5,5,1,4,5,5,1,5,1,3,1,5,3,1,5,5,3,3,1,1
116,5,2,5,2,4,4,4,4,2,4,4,2,2,5,4,4,2,2,4,4,2,2,4,4,4,1,1,2,1,3
117,4,4,5,2,2,5,4,4,2,2,3,2,2,2,2,3,2,3,2,2,2,4,5,1,2,2,1,1,4,2
118,1,2,2,2,4,1,4,5,2,1,1,5,4,2,4,5,1,1,1,1,1,1,1,1,1,1,1,1,1,1
119,5,1,5,5,1,5,4,4,2,4,2,2,2,5,2,4,1,5,1,1,2,2,4,2,4,2,2,2,5,2
120,5,3,2,3,2,4,4,5,1,4,4,4,1,3,1,5,1,4,2,4,2,1,2,1,5,2,1,1,5,2
121,5,1,4,5,1,5,4,1,2,2,1,1,1,1,2,1,2,5,4,1,2,6,1,5,1,1,1,1,5,3
122,5,5,5,2,2,5,5,4,2,1,3,2,2,2,2,4,2,2,3,2,1,1,4,5,3,4,1,1,5,2
123,5,5,1,5,5,5,4,5,4,1,5,4,1,5,4,5,1,1,1,5,5,5,5,5,5,5,5,1,5,1
124,5,4,6,4,3,4,6,5,1,1,1,4,1,1,4,5,2,3,1,4,2,4,2,2,4,4,2,2,5,2
125,5,4,4,5,1,5,1,1,5,1,3,1,4,5,1,2,1,1,2,1,2,1,2,1,1,1,1,1,5,1
126,4,3,1,5,4,4,1,2,1,1,4,4,1,1,1,5,1,2,2,4,4,4,5,2,1,5,1,4,4,2
127,4,4,4,4,3,4,2,4,3,1,4,2,2,4,5,3,2,3,4,1,1,1,3,5,3,2,1,1,4,2
128,5,5,5,1,3,4,4,2,2,1,3,2,2,3,3,4,1,2,2,4,2,4,4,1,3,4,1,3,5,1
129,5,4,4,4,4,5,2,5,4,1,2,4,2,4,2,4,1,2,2,1,2,3,5,4,1,1,1,1,5,2
130,3,4,4,2,4,4,4,2,2,2,4,4,4,4,2,3,1,4,3,3,2,4,3,3,2,4,2,2,4,1
131,4,4,5,3,1,4,4,2,4,2,4,4,4,4,2,5,1,2,1,3,4,5,4,2,1,4,1,2,5,2
132,5,5,5,5,5,3,5,5,5,1,1,1,2,5,5,5,1,2,4,1,1,4,5,5,3,5,1,1,5,2
133,5,3,1,2,2,2,2,2,2,2,2,2,2,2,2,2,2,2,2,2,2,2,2,2,2,2,2,2,2,2
134,5,2,2,2,2,4,3,2,3,2,2,2,2,4,4,2,1,2,2,2,5,5,4,2,1,4,1,1,1,2
135,4,3,5,3,1,2,4,5,5,5,4,2,5,5,3,4,2,5,5,1,1,2,4,2,4,1,4,1,3,4
136,4,3,3,4,3,4,6,4,2,1,4,3,2,3,2,3,1,3,2,2,3,1,3,2,3,2,2,6,5,3
137,5,2,4,2,2,5,3,4,3,3,4,2,2,3,3,4,3,4,2,2,2,2,5,3,3,3,2,2,4,2
138,4,6,3,2,2,5,1,2,3,2,3,3,3,3,3,3,3,3,3,3,3,3,3,3,3,3,3,3,3,3
139,1,1,1,1,1,1,1,1,3,1,1,1,1,5,5,1,2,3,5,1,1,1,3,5,1,1,3,1,1,3
140,5,5,4,6,3,4,5,4,6,1,2,4,4,2,2,4,2,2,2,2,2,2,4,2,2,2,2,2,4,2
141,2,2,4,2,2,2,4,4,2,4,4,2,2,4,4,4,2,2,2,4,2,4,4,4,2,2,4,4,4,4
142,5,5,4,1,1,5,3,4,4,1,5,2,3,2,2,3,1,1,1,2,5,5,2,5,2,5,2,2,1,3
143,5,4,4,3,1,5,4,4,3,2,2,3,1,2,3,3,1,4,2,3,1,2,2,2,4,3,3,2,4,2
144,5,1,1,5,4,1,1,4,1,2,1,4,2,1,1,5,1,2,2,2,4,4,5,3,2,4,1,3,5,1
145,5,4,4,4,2,5,4,4,2,2,2,3,3,4,2,3,2,2,2,2,3,4,5,3,5,3,5,4,5,4
146,5,5,5,3,5,5,1,5,5,1,5,5,1,5,4,5,2,2,2,2,5,5,5,2,2,5,1,3,1,2
147,3,4,2,3,4,2,2,4,4,2,4,4,3,4,4,4,1,2,1,1,2,1,4,1,2,5,2,2,5,2
148,5,4,4,4,2,5,4,5,3,2,3,2,2,3,2,4,2,3,4,2,2,2,3,2,4,2,2,4,5,3
149,4,4,4,2,4,4,4,2,2,2,4,4,2,3,2,5,2,2,2,4,4,5,5,4,2,5,2,2,5,2
150,5,4,4,2,2,4,3,2,4,2,2,3,4,4,3,3,4,4,4,2,2,3,3,4,3,2,2,3,3,3
151,2,2,3,4,3,1,4,4,6,4,3,2,3,5,6,4,2,4,3,2,2,2,4,2,6,4,4,2,2,4
152,5,4,4,2,3,5,3,3,3,4,4,4,3,3,2,4,1,2,1,2,3,4,4,4,4,4,4,4,5,3
153,5,5,4,2,1,5,2,2,1,1,4,3,2,3,2,1,1,1,2,2,5,5,2,1,4,4,1,2,1,1
154,5,4,4,2,2,5,3,3,2,1,4,2,4,2,2,5,2,4,4,3,2,3,5,3,4,1,1,1,5,3
155,5,5,5,1,1,5,4,2,2,2,4,2,4,2,2,4,1,1,2,2,5,5,5,2,2,5,1,1,5,2
156,5,2,4,4,2,4,3,2,6,3,3,2,1,3,2,2,1,3,2,1,1,4,4,3,4,5,2,1,1,3
157,4,4,5,2,2,4,4,2,2,2,2,2,2,2,1,3,2,2,2,2,4,4,4,2,4,4,2,2,1,2
158,5,5,3,5,1,5,1,5,5,1,3,1,1,3,5,3,1,5,1,5,5,5,1,1,1,3,1,1,5,1
159,4,4,3,2,2,3,2,4,2,4,4,4,3,2,2,5,2,3,2,2,1,2,4,4,1,2,1,1,5,2
160,5,5,4,2,3,5,3,5,1,1,1,3,1,3,2,2,3,2,2,1,2,3,3,3,2,3,1,1,5,3
161,5,4,2,2,1,4,4,3,3,1,4,1,3,3,2,2,1,1,2,1,2,4,2,1,4,4,1,1,5,3
162,2,3,2,4,4,2,3,3,4,3,3,4,2,4,3,3,1,1,4,2,1,1,5,1,1,1,3,2,5,1
163,4,2,3,4,4,2,1,4,1,1,3,3,1,1,3,2,1,1,1,1,2,5,5,2,2,5,1,1,5,1
164,2,1,1,5,1,1,5,4,4,1,5,1,1,5,5,1,1,4,1,1,1,5,2,1,3,2,1,1,1,1
165,5,3,4,2,4,4,4,3,4,4,4,4,2,4,2,4,1,4,1,4,5,4,4,2,2,3,1,2,2,2
166,4,2,4,4,2,4,4,2,2,2,2,2,2,2,2,4,2,2,2,2,4,2,4,4,2,2,2,2,4,2
167,4,5,1,4,1,4,4,5,4,1,4,5,6,2,2,4,1,2,4,2,2,4,4,6,6,4,1,2,5,4
168,5,5,5,1,1,5,4,5,3,5,1,5,2,4,2,1,2,2,2,1,2,5,3,5,2,4,5,1,1,4
169,1,5,5,1,4,5,5,1,5,1,5,5,1,5,5,2,1,5,4,1,4,1,2,1,1,1,1,1,1,2
170,5,4,5,1,4,5,4,5,2,2,4,4,2,2,2,4,2,2,2,2,2,3,5,2,2,5,2,2,5,2
171,4,4,2,2,4,4,1,2,4,2,4,3,1,4,2,2,1,1,2,2,4,2,4,2,4,2,2,2,1,2
172,5,3,2,3,2,4,3,2,4,5,5,5,3,5,4,5,1,3,2,1,1,1,5,3,1,3,3,2,4,3
173,4,4,2,2,4,3,4,2,3,2,2,4,2,4,2,5,1,2,4,2,1,2,4,2,2,2,2,2,4,2
174,4,2,3,2,3,3,4,4,4,3,2,3,2,4,4,3,1,2,2,2,2,4,3,3,1,3,1,1,1,1
175,5,1,5,2,2,5,2,2,4,1,3,4,1,3,2,5,1,2,2,2,1,5,2,2,4,4,1,2,5,1
176,3,3,2,2,4,3,4,6,2,4,2,2,2,4,2,4,2,6,2,2,2,3,4,4,2,3,6,3,4,3
177,5,2,5,5,1,5,3,1,4,1,2,4,1,2,1,3,1,2,1,1,1,4,2,1,2,1,1,5,5,1
178,4,4,5,3,5,4,3,5,1,2,2,4,2,2,2,5,3,4,2,4,5,5,5,6,2,5,2,2,5,2
179,4,4,4,4,2,2,4,4,2,2,2,2,4,4,2,4,1,3,2,2,5,2,5,2,3,2,2,2,2,1
180,5,5,5,3,1,2,3,2,3,5,1,1,3,5,4,3,1,5,5,1,1,1,5,3,5,1,5,3,1,5
181,5,5,4,2,2,5,3,2,2,1,2,4,4,1,2,5,1,2,2,4,4,5,5,2,1,5,2,1,5,2
182,5,4,5,1,1,5,2,5,3,1,1,4,3,1,5,5,1,1,1,1,1,5,1,1,3,3,1,1,5,1
183,4,3,4,2,1,4,2,5,3,2,3,2,1,2,4,1,2,2,4,2,1,1,5,3,2,2,4,2,3,2
184,4,4,4,4,2,4,6,4,4,3,4,4,2,4,4,5,1,2,2,2,3,1,3,4,2,1,6,2,5,2
185,5,4,4,2,2,1,4,5,1,1,2,3,2,3,2,4,1,2,2,2,2,4,3,2,4,3,2,2,5,1
186,3,6,4,2,4,2,2,4,2,2,4,4,2,2,2,3,1,2,2,2,4,4,4,2,2,3,1,2,1,2
187,4,5,4,1,4,4,5,5,1,1,5,2,2,5,2,3,2,2,5,2,1,4,5,4,5,2,2,1,2,2
188,4,3,5,2,2,3,5,4,4,1,2,2,1,5,3,4,1,4,2,1,2,1,3,4,1,1,2,2,5,1
189,4,4,2,2,3,3,3,4,2,1,3,2,3,5,3,4,2,4,2,2,1,2,3,3,2,4,2,2,3,2
190,4,4,4,5,2,3,4,3,4,1,4,3,2,4,2,4,1,2,2,2,4,3,4,1,2,4,2,1,4,1
191,5,1,5,1,5,5,1,5,1,1,1,5,1,2,5,2,1,1,1,5,5,5,5,1,1,5,1,2,5,1
192,5,2,4,4,2,4,2,2,2,1,2,4,1,2,2,4,1,2,1,2,4,5,5,1,1,5,1,2,5,2
193,4,4,4,4,4,4,3,5,4,1,1,5,2,3,3,4,1,4,2,2,2,3,4,3,2,4,1,2,5,2
194,5,5,5,1,1,5,1,1,2,2,2,2,1,2,2,5,1,1,1,5,1,2,5,4,4,4,1,2,5,2
195,4,4,5,4,2,4,4,4,6,1,4,4,4,4,2,2,2,2,4,2,4,2,5,4,2,4,6,6,4,3
196,4,3,2,3,2,4,4,2,3,4,4,3,2,3,2,5,1,4,2,3,2,4,2,2,2,5,2,2,1,2
197,5,4,4,2,1,4,2,3,2,2,4,4,2,2,4,5,1,2,1,2,5,5,2,1,1,5,1,2,1,1
198,3,3,4,2,2,4,4,2,4,1,2,3,4,2,2,2,2,3,2,4,5,5,5,2,3,5,2,2,5,2
199,3,4,4,2,2,4,3,4,4,4,4,2,3,4,3,3,3,4,2,4,4,5,5,5,3,5,1,2,5,4
200,5,4,4,4,2,4,4,4,2,2,4,4,2,4,3,4,2,2,2,4,4,5,5,2,2,5,2,1,1,3
201,4,2,4,3,2,4,3,2,1,2,1,2,2,4,2,2,1,1,2,2,2,1,3,1,1,3,2,3,1,1
202,3,2,2,2,2,3,1,4,2,3,5,3,1,4,2,3,1,1,1,4,2,5,4,1,5,4,2,3,5,3
203,5,2,4,1,1,5,2,2,2,1,1,1,1,4,2,2,1,4,1,4,5,3,5,2,2,3,1,1,5,1
204,2,4,4,2,3,4,4,5,2,1,3,3,2,3,3,4,1,4,6,2,3,4,2,1,2,5,1,1,5,1
205,1,1,2,2,2,1,2,2,4,2,5,5,2,4,2,5,1,1,1,1,5,5,5,5,1,1,1,1,3,1
206,5,5,2,3,4,4,5,4,2,1,4,3,4,1,3,5,3,2,2,1,5,1,5,2,1,1,1,4,1,2
207,5,4,4,2,4,4,2,2,2,2,1,4,2,4,2,4,1,2,2,2,2,5,5,1,1,5,2,1,5,2
208,1,4,1,3,1,4,1,1,3,4,4,1,1,3,3,4,5,1,1,5,3,1,5,1,1,3,1,2,5,1
209,1,1,1,1,1,1,1,1,5,5,1,1,5,1,1,1,1,1,5,5,5,1,1,1,5,1,5,1,1,1
210,4,4,4,2,3,5,2,5,1,1,1,5,1,1,4,5,2,3,2,3,1,4,4,4,4,4,1,4,5,2
211,3,4,1,3,2,3,2,4,4,1,4,4,1,1,1,5,1,3,1,1,5,4,5,3,3,5,2,2,5,1
212,5,4,5,2,3,4,4,4,3,2,2,4,2,2,2,3,1,2,2,2,2,3,2,3,2,2,1,2,2,3
213,4,2,4,2,2,3,4,6,4,1,4,2,4,3,3,4,4,4,4,2,3,4,3,4,6,4,2,2,4,4
214,1,1,1,5,5,5,1,3,1,5,1,5,1,1,5,5,1,1,1,5,5,5,5,1,1,5,1,5,5,1
215,4,4,4,2,3,4,4,2,2,1,4,3,1,3,2,5,2,3,4,4,2,5,4,5,2,2,4,6,1,1
216,4,4,2,6,3,4,6,2,6,3,4,4,2,2,3,6,1,3,4,1,3,2,1,4,2,2,6,2,5,2
217,5,4,4,2,2,4,4,2,3,1,4,2,2,3,3,2,1,2,1,2,2,3,2,3,4,5,1,2,5,2
218,2,1,4,4,4,4,3,4,2,2,2,5,2,2,2,5,2,2,2,5,3,4,5,3,3,5,2,2,5,1
219,5,4,4,2,2,4,3,4,4,2,3,2,2,3,3,2,1,2,2,2,2,2,3,3,3,2,3,2,5,2
220,5,2,5,4,4,5,1,1,3,4,4,4,2,4,3,5,1,2,1,4,2,4,4,2,4,2,1,2,5,1
221,5,2,3,4,4,5,3,4,4,2,2,2,1,3,2,2,1,4,3,2,1,3,2,2,2,2,2,4,5,1
222,5,2,1,4,2,4,4,5,5,1,4,2,2,4,4,4,1,2,2,2,4,1,2,1,2,2,3,3,1,1
223,5,2,4,4,2,4,4,5,4,3,4,2,2,5,3,2,2,6,1,4,2,3,5,4,3,4,2,2,5,3
224,3,4,2,3,1,4,6,3,6,1,3,1,2,3,4,4,1,3,2,4,1,2,2,3,3,1,1,1,5,3
225,5,2,4,2,1,3,3,4,3,2,3,3,3,4,4,2,1,4,2,1,5,3,1,1,1,3,1,1,5,1
226,1,3,2,2,4,2,2,2,5,4,4,4,2,4,2,4,1,4,2,2,5,5,1,1,2,1,3,2,5,1
227,3,4,4,4,1,5,2,4,2,1,4,5,2,4,3,2,1,4,5,1,1,4,1,3,2,2,1,1,5,3
228,5,4,4,2,2,5,2,3,3,3,3,3,3,3,2,3,2,2,3,2,2,3,3,3,2,3,2,2,2,2
229,4,4,3,4,4,4,2,4,3,5,5,5,2,4,3,4,3,4,2,2,2,4,2,4,3,1,1,1,1,1
230,5,1,1,5,5,5,1,1,1,1,1,5,1,1,1,5,1,1,1,5,5,5,5,1,1,5,1,5,5,1
231,5,3,4,4,2,4,4,4,4,3,4,3,2,3,2,4,2,4,2,2,4,4,4,4,3,5,4,2,4,4
232,4,4,2,3,2,5,4,4,2,2,2,3,2,3,6,5,2,3,2,2,4,4,4,4,4,3,6,3,6,3
233,5,5,5,1,2,5,4,2,3,2,2,2,3,3,3,4,2,4,2,1,2,4,4,3,1,3,1,2,1,2
234,5,5,5,1,2,4,5,4,4,4,5,2,2,2,2,4,1,1,1,1,2,2,5,1,2,3,1,1,5,2
235,4,4,4,4,2,4,4,4,2,2,4,2,2,2,2,2,2,2,2,2,4,4,4,4,2,4,2,2,5,2
236,5,1,4,2,2,4,4,4,3,2,2,4,2,4,4,3,1,2,3,4,2,4,4,3,3,4,2,2,4,2
237,5,2,4,4,3,4,4,2,2,4,4,4,2,3,2,4,1,1,2,1,2,3,4,1,3,1,1,2,5,2
238,5,3,4,6,2,4,4,2,3,1,2,3,2,4,6,5,1,3,1,4,4,3,2,3,3,4,6,2,4,2
239,4,3,5,2,3,4,6,4,6,4,3,3,4,4,6,3,2,4,4,3,1,1,5,6,6,2,6,3,3,6
240,4,4,2,3,4,2,4,4,4,2,4,4,1,3,3,3,1,2,1,1,3,4,5,1,1,5,2,1,5,2
241,5,5,4,2,1,5,4,3,2,5,2,4,5,2,2,4,1,1,5,1,5,5,3,3,2,4,1,1,1,1
242,5,2,5,3,1,5,2,2,2,3,4,4,2,4,2,3,1,1,2,2,4,2,3,3,2,3,1,1,1,1
243,5,4,4,2,2,4,2,4,2,2,2,2,1,3,2,3,2,2,1,1,2,4,4,1,1,5,1,1,5,1
244,4,2,3,3,2,4,3,2,1,1,1,2,1,1,2,1,1,2,1,2,5,5,4,1,1,5,1,3,5,1
245,5,2,3,4,2,5,3,2,2,2,3,2,2,3,3,3,2,3,3,3,3,4,5,2,4,5,3,3,5,3
246,3,1,1,2,2,5,3,4,3,5,4,1,5,5,2,2,1,2,3,2,5,5,5,1,2,5,3,2,5,1
247,5,4,4,1,1,4,3,2,4,2,4,4,4,4,2,2,1,2,1,3,2,4,5,1,2,5,1,2,1,1
248,5,4,5,1,2,5,4,2,4,1,3,3,1,1,1,5,1,1,2,2,1,1,3,5,2,1,1,3,1,1
249,4,2,4,4,4,4,2,4,4,2,4,4,2,2,4,2,2,4,4,4,2,2,2,2,6,2,4,4,4,4
250,4,3,4,4,2,6,2,4,2,2,3,2,3,4,3,5,2,4,5,2,1,1,2,4,3,1,3,2,2,4
251,1,1,1,1,1,1,3,2,2,1,3,1,1,3,3,3,1,1,1,1,1,1,4,1,1,1,1,1,5,1
252,4,4,2,2,2,5,1,4,1,1,1,2,1,4,2,4,1,4,4,1,2,4,4,1,1,4,2,1,5,1
253,5,4,4,2,2,5,4,4,2,1,4,4,1,2,2,4,2,4,3,1,2,4,5,3,5,5,4,2,5,4
254,5,4,4,4,2,5,3,4,5,4,4,3,4,2,3,5,1,2,2,1,3,2,4,1,3,3,1,3,5,5
255,4,4,4,2,2,4,4,4,5,1,4,3,2,2,5,2,4,2,2,2,2,2,2,4,1,2,1,2,5,2
256,5,5,5,3,1,5,2,3,4,1,4,5,2,2,5,4,1,2,2,4,2,2,5,2,2,2,2,2,2,2
257,5,5,4,1,2,3,2,4,4,1,2,2,3,2,2,5,1,2,1,3,4,5,4,1,1,3,1,1,5,1
258,5,1,3,4,3,4,3,4,2,3,2,2,3,3,2,4,2,2,4,2,3,4,4,2,3,3,2,2,2,3
259,5,4,4,4,3,5,4,2,2,1,3,3,2,4,2,4,1,2,2,3,2,4,4,4,4,3,2,2,3,1
260,4,4,2,3,2,4,2,2,2,4,4,4,3,4,4,3,1,1,1,4,2,2,3,1,5,2,2,2,2,2
261,5,2,4,1,2,4,3,3,1,1,1,3,2,2,2,4,2,2,2,2,2,4,4,2,1,3,1,1,1,2
262,2,2,2,2,4,4,4,4,2,1,4,4,1,4,2,4,1,4,2,3,4,2,2,1,2,3,2,2,4,2
263,5,2,1,4,4,2,2,5,1,1,1,5,2,1,3,4,1,2,2,3,3,5,5,1,1,4,1,2,5,1
264,5,5,5,3,1,4,4,2,4,3,2,3,1,4,2,3,2,2,5,5,2,4,5,3,4,3,1,1,3,2
265,4,3,3,3,4,3,4,4,4,2,4,4,3,4,3,4,1,2,2,2,4,5,5,3,2,4,2,2,1,1
266,5,4,5,4,2,4,4,4,2,4,4,2,2,4,2,3,2,2,2,3,2,2,4,2,2,2,2,3,2,2
267,1,1,2,5,4,1,4,5,4,4,5,5,5,5,5,2,1,2,2,2,5,5,5,1,1,2,1,1,5,1
268,5,4,4,3,2,4,4,3,3,2,4,4,2,4,2,4,2,4,3,2,5,4,5,2,2,3,3,2,1,2
269,4,2,2,5,2,3,2,4,3,2,4,2,4,4,3,5,1,4,1,2,5,2,5,1,2,2,2,3,5,1
270,5,5,5,1,5,5,5,5,3,2,4,3,1,4,3,1,2,1,1,1,1,5,4,1,1,3,1,1,1,2
271,5,3,1,5,5,4,2,4,1,1,1,5,2,2,1,3,1,2,1,3,5,5,5,1,1,5,2,2,2,1
272,5,4,4,4,2,4,3,5,3,2,2,4,1,3,4,5,1,3,2,3,5,4,3,1,2,4,2,3,5,1
273,5,3,3,2,4,4,2,2,3,2,2,3,2,2,2,2,2,2,2,2,5,4,2,2,2,4,2,2,4,2
274,5,4,2,1,1,5,1,3,4,2,2,2,2,2,1,3,1,1,1,1,5,5,5,1,1,1,1,3,1,1
275,5,5,5,5,3,5,3,4,1,3,5,3,4,3,1,3,1,1,1,3,4,3,5,1,1,1,2,1,5,2
276,4,5,5,3,2,4,6,5,2,2,1,5,2,2,5,4,1,3,2,2,1,4,1,2,6,4,2,2,5,2
277,1,1,1,5,1,1,1,1,1,5,3,5,1,1,1,5,1,3,1,5,5,5,5,1,5,5,3,3,5,1
278,4,4,4,4,2,4,2,2,4,4,2,4,2,5,4,3,1,2,3,4,4,3,4,1,2,2,3,4,4,4
279,5,5,5,1,1,5,1,1,1,1,5,3,1,5,1,5,1,1,1,3,5,5,5,2,1,5,1,1,5,1
280,5,3,4,2,2,4,3,3,4,2,4,2,2,3,3,4,2,1,1,2,4,1,2,3,5,1,3,3,5,3
281,5,5,4,2,1,4,4,4,1,2,3,2,4,4,2,3,1,2,3,2,1,1,4,3,1,1,4,1,5,1
282,5,4,2,4,3,4,4,4,4,1,4,3,2,5,3,4,1,1,1,1,2,3,4,1,4,2,1,1,1,2
283,4,4,4,2,1,5,2,2,2,4,6,2,3,3,2,3,2,2,2,2,6,6,3,2,4,3,2,2,1,2
284,3,1,2,2,1,4,4,1,3,1,5,1,2,3,1,3,3,3,3,2,2,2,3,4,1,4,2,2,5,2
285,4,4,3,4,2,4,2,2,4,4,4,2,2,4,2,4,2,2,2,2,2,2,4,2,2,3,2,2,2,2
286,1,1,5,2,1,2,5,3,2,2,2,1,3,4,3,3,5,1,1,2,2,3,4,4,3,4,4,3,3,4
287,5,3,5,5,1,5,5,5,1,1,1,1,1,3,1,3,1,1,1,3,1,1,5,3,1,1,1,1,5,1
288,4,4,2,4,4,3,3,2,2,1,5,4,4,2,3,4,1,3,1,2,4,2,5,2,2,2,1,2,5,2
289,5,2,4,3,5,5,4,2,2,1,1,5,2,4,2,4,2,2,4,3,2,4,3,5,1,4,4,1,2,4
290,3,5,3,4,3,2,3,2,3,1,4,2,4,5,3,5,1,4,4,1,5,1,5,2,4,2,3,1,5,1
291,5,2,4,5,2,5,5,1,2,1,5,2,2,3,2,2,1,1,1,1,2,4,3,2,5,5,2,3,2,1
292,4,3,1,4,2,2,6,4,5,4,4,2,4,2,6,5,1,1,1,2,3,5,4,4,1,4,3,4,4,2
293,5,4,3,6,4,4,4,4,2,4,6,4,2,4,6,4,2,3,4,4,3,4,5,2,4,3,6,4,5,1
294,5,5,5,2,2,4,4,4,4,1,4,3,2,1,2,3,1,1,4,2,1,2,2,1,1,4,1,1,1,2
295,5,4,4,4,4,5,4,4,4,1,1,4,4,4,4,4,1,2,1,2,1,2,5,1,1,4,2,2,4,2
296,5,4,4,4,4,5,2,5,2,1,2,5,1,2,4,4,1,5,2,5,2,5,2,2,2,4,1,1,5,1
297,5,5,4,3,2,5,5,3,2,1,4,3,2,3,2,4,3,3,4,2,1,4,5,4,1,1,2,2,4,1
298,4,5,4,4,4,5,2,4,5,5,2,2,5,5,4,4,1,3,3,2,2,1,4,4,2,3,2,4,4,2
299,4,4,4,2,2,5,2,4,1,1,2,3,1,2,4,3,1,2,1,1,5,5,5,2,1,4,1,1,5,2
300,5,2,5,1,1,5,1,5,1,2,1,1,1,2,1,5,1,1,1,1,4,1,5,1,1,5,4,1,5,1
301,4,2,4,4,2,5,2,5,3,2,2,5,2,2,2,4,1,2,2,4,2,1,4,1,2,2,1,3,5,1
302,1,5,4,1,2,5,5,5,5,1,5,5,5,4,4,5,1,1,1,3,5,5,5,2,1,5,1,1,1,1
303,3,2,2,2,2,4,1,2,2,2,1,2,4,4,2,4,1,4,2,5,5,2,5,2,2,5,2,2,5,1
304,5,4,4,4,3,4,5,5,4,4,4,4,4,4,3,3,2,4,4,4,2,4,5,4,2,4,1,2,5,3
305,5,5,4,2,2,4,3,2,4,1,4,2,1,1,1,4,3,2,4,1,1,4,5,5,3,4,1,2,4,4
306,5,5,3,3,4,4,3,3,1,1,1,4,1,2,2,5,1,1,1,1,3,5,5,1,1,1,1,1,5,1
307,4,3,4,3,4,3,3,3,2,1,1,4,2,3,2,3,1,4,4,2,5,5,5,4,1,4,1,2,5,2
308,3,1,1,3,3,3,1,2,3,1,3,2,1,2,2,4,1,1,1,3,4,2,4,1,3,4,1,1,1,1
309,5,3,3,4,1,3,2,2,5,2,3,3,2,1,3,3,1,3,3,1,3,4,5,1,3,3,1,1,5,2
310,1,1,1,2,1,3,2,1,1,3,2,3,5,1,3,3,2,1,3,1,1,2,2,4,1,5,2,2,3,3
311,5,4,5,2,2,5,4,3,2,2,1,2,2,4,3,5,4,3,2,3,1,4,5,4,2,5,1,4,5,4
312,4,4,4,4,3,4,4,6,4,3,4,5,2,4,3,4,1,3,4,2,3,3,5,4,5,3,2,3,5,2
313,2,1,1,5,1,3,1,4,5,1,5,5,1,1,1,2,1,2,2,1,5,5,5,1,1,4,1,3,5,1
314,5,2,5,1,5,5,5,2,1,1,1,5,1,1,2,3,2,4,5,4,1,1,1,2,3,2,4,1,3,3
315,5,4,4,2,3,5,3,2,2,1,1,5,2,1,4,3,2,2,1,4,4,4,4,3,2,5,1,2,5,1
316,4,6,4,2,2,4,6,4,2,2,3,4,2,3,2,3,2,2,2,2,2,3,4,4,6,3,2,2,2,2
317,5,5,5,4,3,5,4,2,1,1,5,3,1,3,2,5,1,1,1,3,3,5,3,3,5,5,2,3,5,1
318,4,1,4,2,2,5,5,3,1,1,2,4,2,1,2,5,1,2,1,4,4,4,5,3,2,2,1,1,5,2
319,5,3,4,2,4,4,4,4,2,2,1,4,2,2,3,3,1,2,2,2,4,4,4,1,2,4,2,3,5,1
320,5,5,2,4,2,4,4,4,2,2,2,4,2,2,2,4,2,4,4,4,2,4,4,3,2,4,1,1,1,1
321,5,5,5,1,2,3,5,2,5,1,3,5,5,1,2,5,1,4,3,1,3,1,5,5,1,3,1,2,5,2
322,5,4,5,2,3,5,5,5,2,1,3,5,3,2,2,3,2,4,5,2,2,1,5,5,3,2,4,2,1,3
323,1,5,1,5,5,1,1,4,5,1,5,5,5,1,1,5,1,1,1,5,5,5,5,1,5,5,1,5,5,1
324,5,4,3,2,2,5,4,4,4,3,4,2,2,4,2,2,2,4,1,5,4,5,5,4,4,5,1,2,5,2
325,5,4,2,1,2,4,3,3,3,2,5,4,2,4,2,4,2,3,3,3,2,2,4,3,4,3,1,1,5,1
326,5,4,5,2,1,4,4,3,2,4,5,4,4,3,2,3,4,4,2,5,4,1,3,5,3,3,2,1,5,4
327,5,4,4,2,2,4,6,2,4,2,4,2,2,3,6,2,2,3,2,2,2,4,4,4,3,3,2,3,4,3
328,4,2,3,4,2,4,2,1,2,4,3,1,1,3,2,4,4,4,3,5,2,1,2,3,6,1,6,2,4,3
329,4,6,3,1,1,5,5,1,3,1,4,1,3,5,1,1,2,3,5,2,1,1,3,6,5,3,3,2,1,3
330,4,1,3,2,3,4,4,3,2,3,3,2,2,2,2,3,2,3,3,2,3,5,3,2,1,2,2,2,5,4
331,2,2,5,2,2,5,4,4,1,1,1,5,2,5,1,5,3,4,5,1,1,1,5,5,1,2,3,2,4,4
332,5,2,3,4,5,5,1,2,1,1,1,4,1,1,4,4,1,5,1,5,2,5,5,1,5,4,2,3,5,1
333,5,2,2,3,5,4,2,4,2,4,2,5,2,2,2,5,1,3,1,1,5,1,5,1,3,1,1,1,1,1
334,5,5,5,5,5,5,5,5,5,5,5,5,5,5,5,5,5,5,5,5,5,5,5,5,5,5,5,1,1,3
335,4,4,4,2,3,4,6,6,2,2,2,2,2,4,6,2,2,4,2,2,4,4,4,2,2,4,2,6,4,2
336,5,2,4,2,2,5,4,4,4,2,5,2,4,2,2,5,2,4,4,4,2,2,2,4,2,4,2,2,1,1
337,5,5,1,4,5,4,2,4,4,1,5,5,1,1,2,4,1,1,1,5,5,5,5,1,1,5,1,5,1,1
338,2,2,2,3,1,3,3,2,1,1,2,2,1,2,2,2,2,2,2,2,3,3,3,2,2,3,3,3,3,2
339,5,2,4,2,2,4,4,4,2,4,5,2,5,5,4,5,4,5,4,4,1,1,5,5,3,1,2,2,5,4
340,5,4,5,2,2,5,3,2,3,3,1,3,1,2,2,4,2,3,2,2,2,5,5,5,5,5,1,3,5,4
341,5,2,5,2,3,5,5,5,2,2,2,3,2,2,2,3,2,3,2,2,1,2,2,5,4,3,1,1,5,3
342,5,2,4,2,3,4,4,3,2,1,4,3,2,2,3,3,2,2,2,2,2,4,4,3,2,4,1,2,5,4
343,4,2,1,4,2,5,5,5,1,1,1,2,1,4,5,5,1,1,1,5,1,4,5,1,1,3,1,2,5,1
344,5,5,4,2,2,5,5,2,2,1,1,3,1,1,2,3,2,2,2,1,1,1,5,4,1,2,1,1,3,4
345,1,2,2,5,2,1,3,6,5,3,4,2,4,4,2,4,1,2,2,4,4,4,5,1,2,5,1,3,5,1
346,4,5,4,3,2,4,2,4,2,1,3,4,2,2,2,2,3,2,3,2,2,1,2,4,1,1,1,1,2,4
347,5,3,5,4,2,5,2,4,1,1,3,2,2,2,4,5,4,5,4,1,2,1,4,4,2,1,2,1,5,4
348,5,2,5,2,2,4,3,4,2,2,2,3,2,3,3,2,2,2,3,2,4,4,4,4,3,4,3,2,4,3
349,2,3,3,3,2,4,3,4,5,3,4,3,4,4,4,3,3,4,4,2,1,1,3,4,4,2,4,3,4,3
350,4,2,4,2,2,2,3,5,5,4,4,2,3,5,2,3,2,4,2,3,5,2,4,2,2,5,3,2,4,2
351,5,4,5,1,2,5,4,1,3,2,2,4,2,3,3,3,2,3,2,2,4,4,4,3,2,3,2,2,5,2
352,5,4,4,2,4,4,2,2,1,2,4,3,2,2,2,4,1,2,3,2,2,3,4,2,2,3,2,2,1,1
353,5,5,5,1,1,5,5,1,4,2,2,2,2,2,4,4,2,4,2,2,2,3,2,3,4,4,3,2,2,2
354,4,3,2,1,2,5,4,4,5,3,5,4,1,5,2,4,2,1,4,2,1,3,4,3,2,3,1,1,1,2
355,4,5,4,4,2,3,4,2,6,4,5,3,2,3,6,5,1,2,1,2,5,5,5,2,1,5,2,2,5,1
356,5,1,2,4,5,4,4,2,2,5,5,5,4,4,2,4,1,2,2,4,3,3,5,1,4,2,4,1,5,1
357,5,5,2,1,2,4,2,5,4,1,2,1,4,2,4,4,1,2,5,4,4,4,2,2,1,1,1,2,1,2
358,4,3,4,4,2,4,4,4,3,1,4,3,1,4,2,4,1,4,4,2,1,1,4,2,2,2,2,3,5,1
359,5,5,5,1,1,4,5,4,1,1,1,5,4,1,4,4,1,1,1,5,5,5,5,1,1,4,1,1,5,1
360,4,4,4,3,2,5,4,4,3,2,4,2,4,2,3,4,2,2,3,2,2,3,3,4,3,4,2,2,5,1
361,5,5,5,5,1,5,5,1,1,1,5,5,1,1,1,3,1,1,1,1,1,5,1,5,1,3,1,1,5,1
362,4,4,3,3,5,4,3,4,2,3,4,5,3,4,3,3,1,2,1,1,5,4,3,1,2,3,2,3,5,1
363,5,4,4,4,3,4,3,4,4,4,1,4,1,4,2,5,1,2,2,3,1,4,5,1,1,4,1,2,1,2
364,5,5,1,5,1,5,1,5,5,1,5,5,1,1,5,5,1,1,1,1,5,5,5,1,5,4,1,1,5,1
365,5,4,5,4,5,4,3,4,2,2,2,5,2,3,3,3,2,5,1,5,3,2,5,5,1,5,2,3,5,2
366,5,4,4,2,2,4,4,3,2,1,2,2,2,3,2,3,2,2,2,2,5,5,5,2,3,5,3,4,5,3
367,5,2,4,2,4,5,4,4,2,2,3,5,2,4,2,4,1,2,2,2,4,4,5,2,2,3,1,2,4,2
368,5,5,5,5,1,4,4,2,2,1,5,2,1,1,3,3,1,2,2,2,5,5,5,1,2,4,1,2,5,2
369,1,1,6,1,1,1,1,6,2,1,6,2,1,6,1,6,1,6,1,1,1,6,1,1,1,2,1,1,1,1
370,3,1,1,2,4,2,1,1,2,2,1,3,1,4,2,5,1,2,2,1,4,3,5,1,1,3,1,1,5,1
371,4,4,4,4,2,4,4,2,6,2,4,3,2,4,2,2,2,2,2,2,2,4,3,1,1,4,1,1,5,1
372,5,4,4,2,2,5,3,5,4,3,5,5,1,4,6,4,3,6,1,2,2,1,3,5,3,4,2,3,5,4
373,5,5,2,2,5,1,1,1,2,4,5,5,1,1,1,5,2,2,1,2,4,4,5,2,4,5,1,5,1,1
374,5,5,5,1,1,5,5,1,1,1,1,1,1,5,1,5,1,1,1,1,1,1,5,1,1,5,1,1,1,5
375,4,4,4,1,1,4,3,2,3,1,2,1,2,4,4,3,2,2,2,2,1,4,2,5,4,4,2,1,2,4
376,4,1,4,2,2,4,2,4,2,2,1,2,5,2,2,2,1,2,1,1,1,2,5,5,2,4,1,1,5,2
377,4,4,4,4,4,4,2,4,2,3,4,3,4,4,3,3,2,3,2,2,3,5,3,2,1,4,1,1,5,2
378,4,2,1,1,1,2,2,2,2,2,4,2,4,4,2,4,1,2,2,2,4,2,2,4,4,1,2,1,1,1
379,4,4,4,2,2,5,4,4,4,1,4,4,2,3,2,2,1,3,1,2,4,5,5,2,1,3,1,2,5,2
380,2,3,3,3,4,3,3,3,3,2,4,3,2,2,3,5,2,2,2,2,4,2,3,3,2,3,2,3,4,6
381,4,3,2,3,2,2,2,4,2,2,4,1,2,4,2,4,2,4,2,5,1,1,5,4,1,2,2,2,5,2
382,5,5,1,5,5,3,1,1,1,1,1,5,1,1,1,5,1,5,1,5,5,5,5,1,5,5,1,5,5,1
383,5,4,5,2,2,5,1,5,1,1,1,3,1,2,2,3,4,4,4,2,1,1,2,4,2,2,2,2,1,4
384,5,2,5,2,2,5,5,2,1,1,1,4,1,1,2,5,1,2,2,1,5,5,5,2,1,4,1,2,5,1
385,5,4,2,3,4,5,4,4,3,3,4,3,1,4,2,3,1,3,4,1,1,2,5,3,3,1,3,1,3,2
386,5,4,4,4,4,5,2,5,1,1,4,1,1,3,4,4,1,5,3,2,2,4,4,4,4,1,1,3,5,1
387,5,4,4,1,2,3,1,5,3,3,3,2,3,4,2,3,1,2,2,2,2,2,5,1,3,2,1,2,5,1
388,5,1,5,5,5,4,5,5,1,5,2,5,1,1,5,5,1,1,1,1,6,6,4,1,1,4,1,2,5,1
389,4,5,1,2,4,2,1,5,4,1,4,5,5,1,1,4,1,5,2,4,5,5,5,1,3,4,3,2,5,2
390,5,3,4,4,4,5,4,4,2,3,3,4,3,3,2,4,3,3,3,3,2,2,4,3,3,4,3,2,2,2
391,5,3,3,2,2,5,4,4,2,1,3,2,2,4,2,5,1,2,1,4,4,2,5,3,3,4,1,4,5,2
392,5,2,4,1,1,5,3,2,4,2,1,3,2,4,2,4,2,2,2,2,3,2,5,2,2,5,3,3,5,2
393,5,4,4,4,2,5,4,2,2,1,2,3,2,2,2,4,1,2,2,2,3,5,5,2,2,5,2,2,1,2
394,1,5,1,5,5,1,1,5,1,1,5,1,1,1,5,5,1,1,1,5,5,5,5,1,5,5,1,5,5,2
395,5,4,3,1,3,5,5,2,4,3,4,4,2,4,2,4,2,2,3,4,4,2,4,2,4,2,2,2,4,2
396,5,1,3,5,5,3,1,5,5,2,5,2,3,4,3,5,1,4,1,1,3,1,1,6,4,1,2,4,5,2
397,5,2,2,2,4,5,2,1,3,1,4,4,2,1,2,5,1,2,1,4,3,1,5,1,2,2,2,1,4,1
398,1,1,1,3,2,1,5,2,2,1,1,2,1,2,3,3,1,2,1,2,5,5,5,1,2,4,3,2,3,1
399,5,5,2,1,1,5,5,2,1,1,1,1,1,2,2,4,1,2,2,2,1,3,4,2,2,3,1,1,5,2
400,5,4,4,2,2,4,4,4,4,2,4,4,2,4,2,2,2,2,2,2,2,2,3,4,2,2,4,4,5,4
401,3,6,2,6,2,5,3,6,6,1,3,2,5,5,3,3,1,6,3,5,2,6,6,2,6,3,1,2,5,1
402,5,3,4,2,5,5,5,5,1,1,1,5,1,1,3,4,1,2,2,1,5,5,4,5,1,5,1,1,1,1
403,4,4,2,2,2,2,3,6,3,3,2,4,2,3,4,2,2,3,4,4,2,3,4,3,2,2,1,2,5,1
404,6,5,5,1,2,5,1,2,2,1,4,3,1,2,2,2,2,4,2,2,1,1,3,3,4,5,4,3,3,5
405,4,2,4,2,2,4,4,2,3,4,5,1,2,4,3,5,1,1,1,1,5,1,5,3,1,1,3,1,1,1
406,5,3,5,1,1,4,5,3,2,2,2,2,1,2,3,3,1,2,3,2,3,3,4,3,3,2,1,2,5,1
407,1,1,1,5,5,1,1,5,1,1,1,5,1,1,1,5,1,1,1,5,5,5,5,1,1,5,1,5,5,1
408,4,4,4,4,4,4,4,4,2,2,1,5,1,1,2,4,1,3,2,1,5,5,4,1,3,4,1,4,4,2
409,3,4,3,4,2,2,3,4,3,4,3,3,2,1,3,3,1,2,2,1,3,4,4,2,5,4,2,3,5,2
410,5,2,2,3,2,5,4,4,2,1,2,4,2,4,2,5,1,2,1,4,4,4,4,2,4,4,2,3,5,2
411,5,5,5,2,4,5,5,5,2,2,3,5,3,2,2,5,1,2,1,2,2,2,4,2,2,2,2,2,2,2
412,4,3,2,3,3,3,4,2,2,4,3,5,3,4,3,4,1,3,1,4,4,1,1,5,1,3,3,2,1,1
413,4,3,2,4,4,4,3,3,3,1,5,4,3,3,3,5,1,4,1,3,5,1,2,1,3,3,2,1,5,1
414,5,4,5,1,1,5,3,2,2,2,2,2,2,2,2,3,2,3,3,2,2,4,3,3,2,4,2,2,5,2
415,5,1,4,2,1,4,4,2,5,5,5,1,5,5,3,4,3,2,1,1,2,1,4,3,2,1,2,1,5,2
416,3,1,1,5,5,3,1,6,1,1,1,5,1,1,5,2,1,1,1,4,5,5,5,1,5,5,1,5,5,1
417,5,3,5,3,1,4,2,5,4,1,5,4,4,5,2,4,1,2,2,2,2,4,5,4,2,4,4,1,5,4
418,5,1,5,1,1,2,5,5,3,5,5,1,1,4,1,2,2,5,5,1,1,1,3,3,2,4,2,2,5,5
419,5,4,5,4,2,5,4,5,2,2,2,1,4,4,2,2,1,4,2,2,2,3,2,2,1,5,1,1,1,2
420,5,4,2,5,4,4,2,4,2,1,4,5,1,1,3,5,2,4,1,1,4,1,2,3,1,1,3,2,1,1
421,5,4,4,2,4,5,4,4,2,2,3,2,2,5,4,1,2,4,4,4,2,4,5,4,4,4,2,2,5,3
422,5,4,4,4,1,5,2,2,4,1,4,4,2,4,2,4,1,2,2,3,3,1,2,2,2,2,2,2,1,1
423,5,5,5,2,2,4,1,5,5,5,1,5,3,5,5,1,1,5,1,1,5,1,1,1,5,1,1,1,1,1
424,5,5,1,5,5,5,1,5,5,1,5,5,1,1,5,1,1,1,1,1,5,5,5,1,5,1,1,1,5,1
425,5,5,5,2,2,4,5,2,2,1,2,2,2,2,3,5,2,4,2,2,1,3,5,4,2,4,1,1,5,1
426,4,3,2,2,2,4,4,4,2,1,4,4,2,2,2,3,2,4,2,1,2,1,2,4,1,1,2,2,4,2
427,5,4,4,2,2,4,2,4,2,1,1,2,1,1,3,3,2,2,2,2,3,3,4,4,2,3,2,2,5,2
428,5,6,2,4,3,4,2,3,2,2,3,3,1,2,3,3,1,3,2,3,4,4,4,1,3,5,1,3,1,1
429,4,2,2,5,5,4,4,4,2,2,1,5,1,1,4,4,1,1,1,1,3,1,3,1,1,1,1,1,5,1
430,4,5,3,2,2,5,4,4,2,1,3,3,1,3,4,5,2,4,2,5,1,4,4,2,4,2,1,3,5,5
431,5,3,4,2,2,4,3,4,1,1,3,4,2,4,3,2,1,4,4,1,1,1,5,4,1,1,2,2,5,1
432,5,5,5,1,5,1,5,1,5,1,5,5,1,1,3,5,1,1,1,5,5,5,5,1,1,5,1,5,5,1
433,2,2,1,2,5,4,2,2,3,1,1,5,5,4,3,4,1,5,1,5,5,4,5,1,1,5,1,1,5,1
434,5,2,5,4,4,4,2,4,2,2,4,2,2,1,1,5,1,5,1,3,5,5,5,2,4,4,4,2,5,1
435,5,5,1,2,2,5,2,5,3,2,2,2,2,1,2,4,1,2,2,1,2,5,5,5,2,3,2,2,5,2
436,5,2,2,2,2,5,4,4,1,1,3,4,3,5,3,4,2,4,3,3,1,1,5,4,5,4,2,1,1,1
437,4,3,2,2,2,4,4,3,3,2,4,2,4,4,2,4,1,6,3,2,1,4,4,2,4,4,1,1,5,1
438,5,5,5,1,3,5,3,4,2,1,1,3,2,1,2,4,2,4,2,3,4,3,2,3,4,3,4,4,5,1
439,5,3,4,4,2,5,2,4,2,3,5,2,4,2,2,3,2,2,4,2,1,2,3,3,4,3,2,2,4,4
440,5,5,4,2,2,3,2,3,2,1,3,4,4,3,3,4,1,4,2,2,2,5,2,2,2,3,4,2,4,2
441,4,4,3,2,3,5,3,2,4,2,2,2,2,3,3,4,1,2,2,2,2,4,5,2,2,4,4,1,2,2
442,5,3,4,3,2,5,2,3,4,2,4,1,3,4,3,4,1,2,2,3,2,5,2,2,3,5,1,4,5,2
443,5,5,5,5,1,5,5,1,1,5,5,1,5,5,1,5,1,5,1,5,5,5,5,1,1,5,1,1,1,1
444,5,5,5,1,1,5,5,5,1,1,5,3,1,2,1,3,1,1,1,1,1,5,5,2,5,4,3,3,1,1
445,5,4,4,1,1,4,1,2,2,2,4,2,2,4,2,2,1,1,1,1,4,4,2,2,2,2,2,2,5,2
446,5,2,4,1,2,5,4,4,2,1,1,4,1,2,2,4,2,4,2,2,3,4,5,2,2,4,1,2,5,2
447,5,2,2,4,4,4,3,4,2,1,4,4,2,4,3,4,1,4,1,2,5,4,4,1,1,5,1,2,1,1
448,5,2,1,5,1,5,1,5,2,1,2,1,1,1,2,4,1,1,1,5,5,5,5,1,2,5,1,1,1,1
449,5,6,4,4,4,5,4,4,2,4,3,3,2,2,2,4,2,6,2,2,2,2,5,4,3,3,4,2,1,2
450,5,4,4,2,2,4,4,2,2,2,2,2,2,2,2,4,2,2,2,2,1,1,5,4,4,1,1,2,4,2
451,5,4,2,4,4,4,4,2,2,4,1,3,2,3,2,2,2,2,2,2,4,4,4,3,3,4,3,3,1,2
452,1,3,4,3,2,2,3,2,2,1,4,3,2,2,2,4,1,4,4,2,4,1,3,3,1,1,2,2,4,3
453,5,4,4,4,1,5,3,4,3,1,3,2,1,2,3,3,1,2,2,1,4,3,5,2,1,1,1,2,5,2
454,4,2,4,4,2,4,2,6,2,2,6,2,3,4,6,6,6,6,6,6,6,6,6,6,6,6,6,6,6,6
455,5,3,3,6,2,5,6,6,2,2,5,4,2,4,6,3,2,6,2,6,2,4,5,1,6,5,6,1,5,3
456,5,3,5,3,2,2,5,2,3,5,4,3,4,4,3,5,2,4,2,1,5,3,5,2,3,4,2,3,4,2
457,2,4,2,2,2,4,4,4,4,2,3,2,4,4,4,4,1,3,4,2,2,1,3,3,3,1,1,1,5,1
458,5,3,3,2,2,4,3,3,2,4,4,2,3,5,3,4,2,2,1,2,2,3,5,2,2,2,1,2,5,3
459,5,4,2,2,3,4,2,4,2,1,5,5,2,2,2,3,2,2,2,2,1,3,5,4,4,2,2,2,1,1
460,5,2,4,3,2,4,2,4,1,2,2,4,2,2,2,4,1,3,2,2,3,5,4,3,3,4,3,2,5,2
461,5,5,3,2,2,4,5,5,5,2,5,2,1,1,5,5,5,1,3,3,4,5,5,4,1,5,1,2,5,3
462,4,2,4,2,1,5,1,5,1,5,3,5,5,1,5,1,1,1,3,2,3,1,3,3,1,4,2,1,1,2
463,4,4,3,4,1,4,4,2,2,4,4,5,3,5,4,4,1,4,4,2,2,3,3,4,3,1,3,1,5,1
464,4,2,5,4,1,4,3,5,2,1,2,2,2,2,2,5,2,4,2,2,5,5,5,2,2,5,2,2,5,2
465,5,6,1,6,3,5,3,3,2,2,3,3,2,3,2,3,1,2,2,3,5,2,5,3,2,5,2,6,1,2
466,5,4,4,1,1,5,5,2,1,4,3,2,1,3,2,2,2,1,2,2,1,4,5,4,5,4,2,2,5,4
467,4,2,2,4,2,4,4,2,2,2,4,2,2,5,2,4,2,4,1,4,5,5,5,4,4,5,4,2,5,2
468,3,3,4,4,4,4,4,4,4,4,4,4,2,3,4,3,2,6,6,4,4,5,4,6,6,4,6,6,6,6
469,5,4,4,3,3,5,4,5,2,1,4,3,1,2,3,4,1,3,1,3,5,5,5,1,1,5,1,1,5,1
470,5,4,3,2,4,4,4,4,3,2,3,2,1,3,2,2,3,2,2,2,2,5,4,2,2,5,2,2,5,3
471,5,5,3,2,1,5,1,5,5,1,3,5,2,2,1,4,1,3,2,2,4,3,1,2,5,5,1,1,1,1
472,3,5,4,2,2,2,2,2,4,2,4,2,2,4,2,4,2,2,2,2,4,2,4,2,2,2,2,2,4,2
473,5,4,3,4,2,4,4,4,2,2,3,4,2,2,4,3,2,4,4,2,2,4,5,5,4,4,4,2,5,2
474,5,5,2,4,3,5,2,5,6,3,5,3,4,6,2,3,2,4,4,5,4,2,5,2,4,5,1,1,5,6
475,5,5,5,1,1,5,1,1,1,1,1,1,1,1,1,4,1,1,1,1,1,5,5,5,5,5,1,1,5,1
476,5,3,4,3,2,4,4,4,4,2,2,2,2,3,3,2,2,2,3,2,3,5,3,4,2,5,1,2,4,3
477,3,2,1,4,2,2,2,4,4,2,3,2,2,2,4,5,1,2,2,4,5,5,5,1,2,4,1,3,5,1
478,4,4,2,5,4,5,3,4,1,1,5,5,1,1,1,2,1,4,1,1,2,5,2,3,5,2,1,1,5,1
479,5,3,4,2,1,4,5,4,5,3,4,2,1,4,2,5,1,5,2,1,5,5,5,2,2,4,2,2,5,1
480,5,4,4,4,4,5,2,4,4,2,4,3,2,5,2,3,1,2,2,3,3,1,5,2,4,2,1,1,1,1
481,5,2,4,2,2,4,2,2,4,2,4,2,2,2,2,2,1,2,4,2,2,1,4,2,4,4,4,2,4,4
482,5,4,5,4,4,5,4,5,2,2,1,4,2,2,4,5,1,2,2,2,2,2,2,2,2,4,1,3,1,3
483,5,4,2,4,2,4,2,2,2,2,4,4,4,1,2,4,1,1,1,5,5,5,5,1,1,2,1,2,2,1
484,5,3,4,2,2,5,5,3,2,1,2,1,2,2,2,4,2,2,2,2,5,5,5,3,3,5,2,1,5,3
485,5,4,5,2,4,5,2,5,3,4,4,4,5,4,2,5,1,4,4,4,1,1,2,1,4,1,2,2,5,2
486,5,4,2,2,4,5,2,3,2,1,4,5,2,3,1,5,1,3,1,2,5,5,5,2,4,5,3,3,1,1
487,4,3,2,2,4,4,3,4,4,2,5,4,1,2,2,5,1,1,1,3,3,4,5,2,2,5,2,4,5,2
488,5,5,5,2,4,5,1,5,1,1,1,5,1,1,5,3,1,1,1,2,5,5,1,1,1,5,1,5,5,1
489,2,5,3,2,2,5,2,2,2,3,4,4,1,4,2,4,1,4,1,3,5,5,5,1,5,5,3,2,5,2
490,3,1,2,2,2,3,2,2,2,2,3,4,4,4,3,4,1,1,1,4,3,1,3,2,1,3,1,1,1,1
491,5,6,4,6,4,5,3,4,6,2,2,4,2,3,2,3,3,2,2,1,2,4,4,5,2,3,3,4,5,3
492,5,4,4,1,4,5,5,5,1,1,1,4,1,1,1,4,3,2,1,5,2,2,4,4,1,3,1,1,4,2
493,5,2,4,2,3,5,2,3,2,2,4,3,2,3,2,3,2,2,2,3,3,4,4,4,2,4,1,2,5,2
494,4,3,4,2,2,4,6,5,6,2,4,3,5,5,3,4,2,6,1,4,5,3,5,3,2,4,3,2,1,1
495,4,4,4,4,1,4,4,5,2,2,4,1,2,5,1,4,1,1,1,1,4,1,5,1,1,5,1,1,5,1
496,5,4,4,1,2,4,3,4,2,2,3,4,2,2,3,4,2,4,1,3,2,4,5,5,4,4,1,2,5,2
497,5,4,4,4,3,3,3,4,2,1,4,2,3,3,2,2,2,2,2,2,3,5,4,2,1,5,1,2,5,2
498,5,4,4,2,1,4,4,2,2,1,5,1,3,2,4,4,1,1,2,5,1,2,5,5,4,1,2,2,5,1
499,5,1,3,2,2,5,1,5,1,1,1,3,1,3,3,4,1,1,1,3,1,5,1,1,1,5,1,3,5,1
500,4,4,4,4,3,5,3,3,2,2,2,4,1,2,4,4,3,3,2,2,2,2,4,1,5,2,2,2,1,3
501,5,2,3,1,1,3,3,2,2,2,4,3,2,2,2,4,1,1,2,2,3,5,5,2,1,3,1,1,5,2
502,3,2,4,4,2,5,4,2,2,4,2,2,2,3,2,4,1,2,2,1,5,5,5,1,2,5,2,3,5,3
503,4,5,4,2,4,3,5,5,4,2,1,4,4,2,4,5,2,2,4,2,2,2,4,1,1,3,1,2,5,2
504,4,2,4,2,2,3,2,2,3,1,2,2,1,3,2,4,2,3,3,2,2,2,2,2,2,2,2,2,4,2
505,5,2,4,1,1,4,4,4,5,2,2,2,2,2,2,3,1,1,2,2,1,3,3,1,1,4,2,1,4,2
506,5,3,5,1,1,5,5,5,5,5,5,1,5,5,1,5,1,5,1,1,5,5,2,1,1,5,1,1,5,5
507,3,3,4,3,2,3,3,3,4,4,3,2,3,4,3,3,1,3,1,2,5,5,5,2,2,5,2,3,3,3
508,5,4,5,4,1,5,4,2,2,2,2,1,5,4,4,3,1,2,3,2,2,5,5,4,2,3,3,1,4,3
509,3,1,1,5,1,1,1,3,3,5,1,1,1,5,5,5,1,1,1,1,5,2,1,1,3,1,1,3,5,1
510,5,4,4,1,2,5,5,1,1,2,2,2,2,3,3,3,2,6,2,1,2,4,1,4,2,5,1,1,1,2
511,3,5,5,1,2,3,4,3,1,1,5,2,1,3,4,5,1,1,2,4,5,1,5,3,5,3,1,2,5,2
512,5,4,4,2,1,4,2,2,1,1,1,1,1,4,1,4,1,1,1,1,2,2,5,1,1,5,1,1,1,1
513,5,4,4,3,3,5,3,4,4,4,1,4,2,1,4,2,3,2,1,1,4,4,2,1,1,5,5,3,5,2
514,3,1,3,3,4,3,4,5,2,1,1,3,2,3,3,4,1,1,2,1,3,5,5,1,2,5,2,5,5,2
515,5,5,4,4,1,5,2,4,2,1,2,5,3,2,2,2,2,5,2,1,1,3,5,4,4,4,1,1,5,4
516,5,4,5,4,3,4,4,3,3,2,2,3,3,4,2,3,2,2,3,1,1,4,5,4,4,3,4,2,5,3
517,1,1,5,1,2,1,5,4,4,1,4,4,1,5,2,5,1,4,1,2,5,3,5,1,1,2,1,6,1,1
518,1,1,1,5,2,2,2,4,4,2,4,3,4,4,4,2,1,2,3,1,2,1,4,1,2,2,1,1,1,1
519,5,3,4,4,4,4,2,4,2,1,5,3,1,2,2,4,1,2,1,2,5,5,5,2,2,5,2,4,5,2
520,5,4,4,2,3,5,4,5,2,1,5,4,1,5,1,3,1,4,2,4,2,1,4,1,4,4,1,2,1,1
521,2,1,4,5,5,3,2,3,4,4,2,3,4,5,3,4,2,1,4,1,2,3,2,5,2,1,3,3,3,2
522,2,2,4,2,1,3,1,4,2,1,5,1,2,5,1,5,1,1,1,5,5,1,5,1,1,5,1,1,1,1
523,4,5,5,1,2,5,3,5,4,1,1,2,1,2,2,3,1,2,1,1,2,5,5,1,3,5,1,1,1,1
524,4,3,5,4,2,4,4,5,2,1,2,2,1,3,2,3,3,3,2,4,2,3,3,4,5,5,4,3,5,2
525,5,3,3,3,2,5,3,1,1,1,2,2,2,3,2,4,1,2,2,2,3,3,4,3,4,4,3,3,5,2
526,5,5,5,2,5,5,5,2,4,1,5,4,2,1,4,3,1,2,2,1,4,1,3,2,3,1,2,2,1,1
527,2,2,4,4,2,2,5,2,2,2,1,3,1,5,2,4,2,4,2,2,5,5,5,1,2,4,2,2,5,1
528,5,5,5,5,5,4,5,1,5,1,5,5,1,5,1,5,1,1,1,5,1,5,5,1,1,5,1,1,5,1
529,5,4,4,2,2,4,4,2,2,3,2,2,2,2,3,2,2,4,2,2,4,4,5,2,2,4,2,2,2,1
530,5,1,3,3,2,5,2,2,2,1,1,4,1,3,2,5,2,5,1,5,5,2,2,1,1,5,5,1,5,3
531,1,4,1,1,1,4,1,1,4,2,2,1,1,4,2,3,1,2,2,2,3,3,4,3,2,3,2,1,1,1
532,5,3,3,1,1,5,5,5,1,4,3,2,1,3,2,2,2,2,4,1,2,4,5,3,2,4,1,1,5,2
533,2,2,2,2,3,3,2,2,1,2,3,4,5,2,2,3,1,2,1,5,4,3,5,4,4,5,3,1,4,2
534,5,5,4,1,3,5,1,1,2,1,2,3,2,2,3,3,2,2,2,2,4,5,2,1,3,5,1,3,5,4
535,3,6,2,6,2,3,6,2,6,5,4,2,5,2,4,5,1,4,4,2,5,2,2,2,4,1,6,2,6,2
536,2,2,3,3,3,4,3,2,3,4,2,3,4,4,2,4,1,6,3,1,5,3,5,1,6,1,3,2,5,1
537,5,4,2,2,3,4,4,4,3,2,6,4,2,3,2,4,3,4,1,3,2,4,2,1,4,3,1,2,2,2
538,5,2,1,2,3,5,1,5,1,1,2,4,1,2,2,5,1,1,1,2,3,5,5,2,2,2,1,5,5,1
539,5,4,5,2,1,5,2,1,1,3,4,2,2,4,3,2,2,2,4,2,1,2,3,2,3,4,2,1,5,3
540,5,4,5,2,4,3,5,4,1,1,2,3,2,4,2,5,1,2,1,2,4,2,5,1,1,3,2,2,1,4
541,5,5,2,4,3,4,4,2,2,1,4,3,1,4,2,4,1,2,2,2,4,3,4,2,2,2,2,2,1,2
542,5,3,5,2,2,5,5,2,2,1,2,2,1,5,2,4,1,2,2,1,1,2,5,1,2,5,1,1,5,1
543,4,2,1,4,5,3,2,4,4,1,2,5,2,2,4,4,1,1,1,1,5,5,5,1,4,4,2,4,6,1
544,4,4,5,2,2,4,4,2,3,2,2,2,1,2,4,4,2,2,3,2,2,2,3,2,1,2,1,2,5,3
545,4,4,4,6,2,5,6,4,2,2,2,2,2,3,2,6,2,1,3,2,3,2,3,1,3,3,1,2,3,3
546,3,2,2,2,4,4,1,3,3,4,2,2,4,4,2,2,1,3,4,4,1,1,4,3,4,2,2,2,4,2
547,5,2,4,4,1,5,2,4,2,2,3,2,2,4,3,4,2,2,2,2,4,4,4,2,4,4,2,3,5,3
548,4,4,5,3,2,5,4,3,2,2,4,3,3,3,5,3,1,3,2,1,3,3,4,1,1,3,1,2,5,2
549,5,5,2,4,2,4,3,3,6,2,4,4,2,2,3,4,1,2,2,2,3,3,5,2,4,3,3,3,5,4
550,2,4,4,3,2,4,2,2,3,2,1,3,4,4,3,3,1,3,2,1,4,1,2,3,1,1,1,1,1,1
551,4,4,2,5,3,4,2,3,2,4,4,3,2,4,3,5,1,2,3,4,5,2,4,4,4,3,4,4,5,1
552,4,3,4,2,3,4,4,4,2,2,4,3,2,3,3,3,3,3,4,2,2,4,4,3,3,3,3,3,2,3
553,5,1,1,4,1,1,4,1,4,1,4,4,4,4,2,4,2,2,4,2,2,1,2,4,1,1,1,1,1,1
554,4,3,1,4,4,2,2,4,3,4,5,2,2,5,4,5,1,2,1,2,5,2,5,1,1,4,2,4,5,1
555,3,2,4,3,4,3,2,3,2,5,4,5,2,2,3,4,1,2,2,2,1,1,3,2,3,2,3,2,2,4
556,2,2,2,5,1,2,2,1,3,1,2,2,1,5,3,5,1,3,2,1,2,3,3,1,1,1,1,2,5,2
557,3,6,4,4,2,4,4,3,6,4,4,3,2,4,2,4,2,3,4,4,5,5,5,3,4,4,6,2,4,2
558,5,4,3,2,2,4,2,4,4,1,4,1,4,4,6,2,1,2,1,5,2,1,3,2,2,2,2,1,5,1
559,5,4,5,4,1,2,2,1,4,2,4,2,4,5,5,2,1,2,5,1,5,2,3,1,3,1,1,1,5,2
560,5,2,4,2,2,5,4,2,2,2,4,3,2,3,2,3,1,1,2,2,3,4,5,2,2,4,2,2,5,2
561,3,2,3,4,4,4,2,2,1,1,5,2,1,1,1,1,1,2,1,4,2,2,1,1,2,2,1,3,5,1
562,5,4,5,1,2,5,3,2,3,2,3,3,2,3,3,3,2,2,2,2,1,1,3,3,4,1,1,2,5,2
563,4,4,4,2,2,4,2,4,3,2,4,2,2,4,4,3,2,3,3,2,2,2,2,3,2,2,3,2,4,4
564,3,6,4,2,1,3,4,4,4,5,4,1,4,5,6,3,1,1,4,4,1,1,3,3,1,2,2,2,3,2
565,4,4,3,3,2,4,4,4,3,4,4,2,5,4,3,4,2,4,3,4,2,1,2,2,3,1,3,2,1,2
566,5,5,1,1,5,5,3,3,5,5,5,5,5,1,5,5,1,1,1,5,5,5,5,1,1,5,1,5,5,1
567,2,2,1,1,1,3,1,1,1,1,5,1,1,1,1,1,1,1,1,1,1,2,1,1,1,3,1,1,1,1
568,5,6,5,4,2,5,4,5,4,1,5,4,1,1,6,5,1,2,4,2,1,1,4,1,2,1,1,1,5,1
569,5,2,2,4,3,3,4,4,3,1,5,3,4,5,5,3,1,4,2,2,2,5,4,1,1,4,1,1,1,1
570,4,4,4,3,4,3,2,4,4,1,2,3,4,3,3,4,1,3,3,4,2,2,3,4,4,2,2,2,4,2
571,5,3,4,1,3,5,4,5,2,1,2,3,1,2,3,3,1,3,2,4,2,2,3,1,1,4,1,2,4,1
572,5,5,2,4,4,4,4,4,2,2,4,4,2,4,3,4,1,3,3,4,3,5,5,2,1,4,1,2,5,2
573,2,2,4,2,2,5,1,1,1,3,5,4,3,4,2,3,1,6,2,2,4,3,5,4,4,4,2,2,5,2
574,5,5,5,5,5,4,5,4,2,1,1,5,1,2,2,2,1,2,1,2,2,5,1,3,1,1,1,1,5,4
575,5,3,5,2,2,5,3,3,2,1,4,2,4,4,2,2,2,3,2,4,2,5,4,5,4,5,1,2,1,3
576,5,1,5,5,1,5,1,1,1,1,5,1,1,4,1,5,1,1,1,1,3,5,5,1,1,2,1,1,5,1
577,5,5,5,4,2,5,2,2,4,2,4,2,4,2,2,2,2,2,2,2,2,3,4,4,3,3,2,4,5,2
578,5,5,5,5,1,5,5,1,1,3,3,1,3,5,2,4,2,2,4,2,4,2,4,5,1,1,4,1,1,2
579,4,6,3,2,6,3,2,6,6,6,6,2,6,3,6,6,6,6,1,2,2,5,4,5,3,4,6,3,3,2
580,3,1,1,1,1,1,1,1,1,1,1,1,1,1,1,1,1,1,1,1,1,1,1,1,1,1,1,1,1,1
581,5,5,4,2,3,4,2,4,3,1,3,4,2,4,2,3,1,4,2,2,2,3,1,3,1,1,1,1,5,3
582,4,4,4,4,5,4,2,2,2,2,4,3,2,3,2,3,2,2,2,4,2,1,3,3,2,3,1,3,5,2
583,4,4,3,1,1,1,1,1,2,4,1,1,1,3,3,2,1,3,4,2,2,2,4,4,2,1,3,1,4,2
584,5,5,2,3,3,4,4,4,2,1,2,4,3,3,3,3,2,2,1,1,3,3,5,4,2,4,1,2,5,1
585,5,4,5,4,3,4,4,6,6,2,2,3,2,3,6,4,1,2,2,4,2,2,5,4,5,5,5,4,6,1
586,5,3,2,5,2,5,1,2,3,1,4,2,2,1,3,4,1,3,1,1,5,6,5,1,3,5,2,2,1,3
587,2,2,3,2,2,4,4,2,2,1,5,5,2,3,5,5,3,2,3,3,2,3,4,3,3,4,3,3,5,2
588,5,5,3,1,1,5,2,1,1,2,3,4,2,1,3,5,1,3,2,2,3,3,5,5,4,4,1,2,1,1
589,4,4,2,2,2,5,4,5,3,2,3,3,2,2,4,4,1,1,1,4,3,4,4,2,2,3,1,1,1,1
590,2,4,4,1,2,1,1,4,5,1,5,3,4,4,4,5,3,4,5,1,1,1,3,5,5,1,4,1,1,4
591,5,1,5,4,1,2,2,5,2,4,4,4,2,2,2,5,2,3,2,5,1,1,4,3,3,3,3,3,5,2
592,4,4,2,2,2,4,2,4,4,1,4,4,2,2,2,4,1,4,3,4,3,2,4,2,2,4,3,1,5,1
593,5,5,5,2,5,5,6,5,1,1,1,5,1,1,4,4,4,3,2,3,1,3,5,5,2,5,2,2,5,6
594,5,3,3,2,2,4,3,3,1,2,1,3,2,2,2,3,1,1,1,2,3,3,4,2,4,3,2,2,5,2
595,5,5,5,1,1,5,3,2,3,1,3,1,2,3,2,3,1,5,2,2,1,4,4,4,4,2,1,2,5,3
596,5,4,4,2,2,4,4,3,4,3,2,3,2,2,2,2,1,2,2,4,2,2,2,2,4,2,1,2,5,1
597,5,4,5,2,4,2,2,4,2,2,4,4,2,4,2,4,2,2,3,2,1,5,5,3,2,2,5,1,1,1
598,4,4,4,4,2,4,4,3,6,4,3,2,3,4,6,3,2,4,4,4,1,2,2,4,6,2,2,2,4,3
599,4,2,4,2,4,5,4,3,1,1,2,4,2,2,2,2,1,3,2,4,2,2,2,2,3,4,3,2,4,1
600,4,4,4,1,3,4,4,4,2,4,4,3,2,3,2,4,3,2,2,3,2,4,4,2,3,5,2,4,4,2
601,5,2,2,2,4,1,4,4,5,2,4,4,2,4,2,4,2,4,4,2,4,2,4,3,2,2,2,2,4,2
602,3,2,4,2,5,3,2,1,5,1,1,3,4,2,3,5,1,5,1,5,5,5,5,1,3,5,1,1,5,1
603,2,4,1,1,4,2,4,2,1,1,1,4,1,2,2,4,1,4,2,4,4,4,4,1,1,4,1,1,1,1
604,5,4,4,4,2,5,3,3,1,1,2,3,2,2,1,4,1,1,1,1,1,5,5,1,4,5,2,3,5,1
605,5,2,5,4,4,4,4,4,1,1,1,4,1,2,3,2,1,3,2,4,1,2,4,2,4,2,2,2,2,2
606,4,2,2,2,4,3,4,4,4,4,4,4,4,4,4,5,1,2,1,1,5,5,5,1,1,4,1,1,3,1
607,4,4,3,3,4,4,3,2,3,2,4,4,2,3,2,4,2,2,2,3,1,2,5,4,4,2,2,4,5,2
608,4,5,4,3,2,5,5,2,3,2,2,4,2,2,2,4,1,2,2,2,2,3,2,4,4,3,2,2,4,1
609,1,5,1,5,1,5,1,5,1,1,1,5,1,5,1,1,1,5,5,5,1,1,5,1,1,5,1,5,5,5
610,1,1,1,5,2,1,1,5,1,1,5,5,1,1,1,5,1,1,1,5,5,5,5,1,1,5,1,5,5,1
611,5,5,4,1,1,5,2,2,3,1,5,2,2,3,2,4,2,4,3,2,1,2,4,5,5,2,2,3,4,3
612,5,5,4,2,2,5,2,4,2,2,2,2,2,4,2,2,2,2,2,2,2,2,4,4,4,4,2,2,1,3
613,5,4,4,2,2,5,2,4,2,2,1,2,2,3,2,4,2,2,1,4,2,4,5,3,5,5,2,4,5,3
614,5,1,4,5,3,5,1,1,6,2,5,5,2,2,2,5,1,2,4,1,5,5,4,1,1,4,2,4,5,1
615,5,4,4,1,2,4,3,3,1,1,1,2,1,2,2,3,2,2,1,2,3,5,2,1,2,5,4,1,3,2
616,1,5,1,4,5,3,1,1,1,1,5,5,1,1,1,5,1,1,1,5,5,5,5,1,1,5,4,4,5,1
617,4,4,4,2,2,5,2,5,3,1,4,3,2,2,3,2,2,3,3,1,3,4,5,4,3,4,1,2,5,3
618,5,5,5,1,3,2,3,3,3,1,3,3,6,5,6,3,2,1,1,1,1,2,3,5,5,3,6,1,5,2
619,5,2,5,2,5,5,3,4,2,4,1,5,2,4,2,2,2,3,3,1,4,5,5,5,3,5,1,2,5,3
620,5,4,2,2,2,5,4,4,4,1,4,5,2,2,2,5,1,2,1,4,5,4,4,2,2,4,2,2,1,1
621,5,4,2,4,2,3,1,5,1,1,4,3,2,2,2,5,1,1,1,2,5,5,5,1,1,5,1,2,1,1
622,5,3,1,5,5,3,1,3,1,1,5,5,1,1,3,5,1,1,1,5,5,5,5,1,5,5,1,5,1,1
623,5,2,1,5,2,5,1,5,1,2,5,5,2,2,5,5,1,1,1,1,5,2,5,1,5,1,1,1,5,1
624,5,2,2,2,4,5,1,2,3,4,1,3,3,2,3,3,1,1,1,2,4,5,3,4,3,5,1,5,5,1
625,4,5,4,4,2,4,2,4,4,2,2,3,2,2,4,2,1,4,2,2,1,4,4,1,1,4,1,1,5,1
626,5,4,4,2,3,5,3,2,2,1,1,3,2,3,1,2,4,1,2,2,3,4,5,2,3,5,1,1,5,2
627,2,5,3,2,1,1,2,2,5,3,2,2,2,2,5,5,1,3,3,2,4,2,2,1,2,1,2,1,5,1
628,5,4,5,1,2,5,3,4,2,1,2,4,2,2,2,4,3,4,2,2,2,5,2,4,3,4,1,3,5,3
629,5,4,4,4,2,5,4,3,3,1,4,2,1,3,3,5,1,4,2,2,4,4,5,3,2,4,1,3,5,2
630,4,3,4,4,2,5,4,3,4,5,4,5,4,5,2,5,2,4,3,2,2,3,5,3,3,5,4,3,5,2
631,5,1,5,1,1,5,5,1,1,5,1,5,1,4,2,4,1,1,1,1,5,5,5,1,1,5,1,1,5,1
632,4,2,2,4,2,4,2,4,4,1,4,4,1,1,2,4,1,1,1,1,5,4,3,2,1,5,1,1,1,1
633,5,5,1,5,5,4,4,4,3,5,4,5,2,1,1,2,1,6,1,1,5,3,5,2,2,2,4,2,5,1
634,4,2,4,4,4,4,4,4,4,1,5,2,2,3,4,4,2,5,4,1,2,2,5,4,4,4,1,1,5,4
635,5,5,5,5,2,5,3,1,4,1,5,5,2,2,6,5,1,4,2,2,5,4,5,1,2,4,2,1,5,1
636,5,1,5,1,1,5,5,1,1,5,1,3,1,2,1,5,1,1,1,1,5,5,5,5,1,5,2,2,4,2
637,4,2,2,2,4,4,3,4,2,2,3,4,2,2,3,4,2,2,2,3,4,4,4,4,2,4,2,4,4,2
638,5,3,4,1,2,4,3,3,4,2,4,2,2,4,3,3,1,3,5,4,2,2,4,5,3,2,1,2,1,1
639,5,2,4,2,2,4,4,2,3,2,2,2,2,3,3,3,2,4,2,2,2,4,4,2,2,4,2,1,4,2
640,5,3,4,2,3,4,3,4,2,1,4,4,2,4,2,5,1,2,1,4,4,4,5,2,1,4,2,2,1,1
641,5,6,5,2,6,4,4,2,3,2,2,4,2,4,2,4,3,3,2,2,2,2,3,4,4,2,1,3,2,2
642,5,5,2,2,2,4,2,4,3,2,2,2,2,2,2,4,2,2,2,2,3,4,3,2,2,4,2,2,4,2
643,5,6,3,2,3,5,5,4,1,1,1,3,2,3,2,3,1,3,2,2,2,3,5,2,2,4,1,1,1,2
644,5,2,4,4,5,3,4,5,1,1,1,5,1,1,4,5,3,4,4,2,2,3,2,3,2,3,3,2,3,4
645,5,4,5,1,2,4,4,3,4,1,4,3,2,2,2,4,1,2,2,5,3,1,4,1,3,1,1,1,5,3
646,5,4,1,2,2,5,5,4,1,1,1,3,1,2,3,5,1,2,1,3,3,3,4,1,1,5,1,1,5,1
647,4,3,4,2,2,2,1,2,4,2,3,4,1,5,3,1,1,2,2,2,1,1,5,4,3,2,2,2,1,3
648,4,2,5,2,1,4,5,5,6,5,6,1,5,5,2,3,4,2,4,1,1,1,5,6,6,1,6,1,4,2
649,1,4,4,5,3,4,2,3,1,4,4,4,4,2,2,4,2,2,2,2,3,4,5,1,4,5,2,1,5,1
650,5,5,3,1,5,5,3,5,4,1,1,4,1,2,4,5,2,3,1,1,1,3,5,1,2,3,1,1,5,2
651,2,4,2,2,4,5,2,4,2,2,4,3,3,4,4,4,3,3,3,2,2,2,3,4,5,3,2,1,5,4
652,3,3,2,2,4,3,3,4,1,1,3,5,1,1,1,5,1,2,2,4,5,4,3,2,2,5,1,3,4,1
653,5,2,4,2,4,4,4,5,2,4,4,4,4,4,3,3,2,2,2,3,5,4,2,3,2,5,2,2,2,2
654,6,3,4,4,3,4,4,4,3,3,4,4,3,3,2,4,1,4,5,1,5,5,5,3,1,5,2,2,1,1
655,3,2,4,4,4,4,6,4,2,4,1,4,4,3,4,2,2,4,3,4,5,3,5,4,2,3,4,4,4,2
656,4,4,3,3,1,4,2,4,4,3,4,2,2,4,2,5,1,4,2,2,5,5,5,1,2,5,1,2,5,2
657,4,2,2,2,3,4,2,2,1,2,2,5,2,2,2,3,1,1,1,2,3,3,4,1,1,2,1,3,5,1
658,5,4,2,2,2,5,4,1,2,4,4,4,3,4,2,4,1,4,2,2,5,5,5,1,1,5,1,1,5,1
659,5,3,2,3,2,4,3,5,2,2,2,2,2,4,2,2,1,1,2,5,1,5,5,2,2,5,2,2,5,2
660,4,4,4,2,2,4,3,4,4,4,4,4,3,4,3,2,1,4,3,1,3,3,4,2,3,3,1,2,5,3
661,4,4,2,5,5,4,2,5,1,1,1,3,1,2,4,5,1,4,1,4,5,5,5,1,1,4,1,2,5,1
662,4,4,5,2,2,4,4,4,2,2,2,2,2,2,2,4,2,2,4,2,2,4,4,2,2,4,2,2,4,2
663,4,4,4,4,1,4,3,4,3,2,3,2,3,4,3,3,4,4,5,2,1,1,5,4,2,2,3,3,2,4
664,4,1,1,2,5,3,4,4,2,1,3,4,2,1,3,5,1,2,1,5,4,4,3,1,4,5,3,3,5,1
665,4,5,1,4,3,5,4,2,4,1,5,2,3,4,4,1,1,1,1,5,4,1,1,1,1,4,1,1,5,1
666,3,4,5,1,2,3,3,5,3,5,3,2,2,5,2,5,1,4,4,2,1,1,5,5,1,4,1,1,5,1
667,5,5,5,2,1,4,4,2,4,1,2,2,4,2,2,4,2,4,4,2,2,2,5,4,2,3,1,1,5,2
668,5,4,5,2,3,5,3,2,4,2,4,4,2,3,3,4,2,2,2,1,2,5,5,4,4,5,1,3,5,2
669,5,1,1,5,5,4,4,4,1,1,1,5,1,1,4,4,1,1,4,4,3,1,5,2,1,1,1,1,5,1
670,5,5,4,2,2,5,5,5,4,1,2,2,2,4,2,4,2,4,2,2,2,2,5,5,4,4,1,1,5,4
671,5,5,5,1,1,5,1,5,5,1,5,1,1,5,5,1,1,1,1,1,5,5,5,1,1,1,1,1,1,1
672,5,2,4,4,2,4,5,5,4,4,5,2,4,2,3,5,2,3,1,4,3,4,2,2,4,4,3,2,1,2
673,5,4,4,4,2,4,4,4,4,2,4,2,2,3,2,4,2,2,2,4,3,2,3,3,4,2,2,2,4,4
674,4,5,4,3,1,5,2,4,4,3,1,2,4,4,3,4,1,3,4,2,3,2,1,4,2,1,2,2,5,3
675,5,4,5,2,2,4,2,3,3,3,2,2,2,2,2,2,3,2,1,2,5,5,4,2,2,4,1,3,1,2
676,5,6,5,2,2,6,6,6,6,1,3,2,2,4,6,2,1,2,2,1,2,2,5,1,1,4,2,2,5,1
677,4,2,3,4,3,3,4,1,5,2,4,3,4,2,2,3,1,3,1,1,3,1,5,3,5,2,2,2,5,2
678,1,1,4,4,4,1,2,4,3,1,2,2,2,2,2,3,1,4,4,5,5,5,5,1,3,4,1,1,5,1
679,4,3,5,4,4,4,3,4,2,1,2,4,4,2,2,4,1,2,1,2,5,5,5,5,1,5,2,4,5,2
680,3,4,5,2,2,2,4,4,6,1,6,2,1,5,6,5,1,1,1,1,1,1,6,6,1,1,1,6,5,2
681,5,4,5,2,3,5,4,4,3,2,2,4,2,2,3,3,1,2,1,2,3,4,4,4,4,4,1,3,5,3
682,4,4,4,2,2,4,3,5,1,1,1,4,1,2,3,5,1,1,1,1,5,5,5,1,1,5,1,1,5,1
683,2,3,2,2,1,2,2,4,2,3,4,3,4,4,2,4,1,1,2,2,2,2,5,2,1,2,2,1,4,1
684,4,4,2,5,3,5,2,2,3,2,4,4,4,4,2,4,1,5,1,1,2,2,5,2,1,2,5,1,1,2
685,3,3,2,2,1,2,4,2,3,4,1,2,5,5,2,5,5,3,3,1,5,2,3,2,2,4,4,2,4,1
686,5,1,1,1,5,5,1,1,1,1,1,5,1,1,1,3,1,1,1,5,5,4,5,1,1,5,1,4,5,1
687,5,5,5,4,2,5,2,3,2,2,2,2,3,3,2,2,2,4,2,4,1,4,5,5,5,2,5,2,5,2
688,5,4,4,4,4,4,5,4,2,2,4,3,2,4,3,4,1,3,2,2,2,4,4,5,3,3,2,2,5,2
689,5,1,1,5,5,5,1,2,1,1,5,5,1,1,2,5,1,4,1,5,5,5,5,1,1,5,1,3,5,1
690,5,4,1,2,2,4,2,2,2,1,5,4,1,2,2,5,1,2,2,2,2,2,5,1,4,4,1,3,1,1
691,5,5,5,2,4,4,4,4,4,2,4,5,2,3,2,3,2,3,4,4,2,4,4,4,2,5,2,1,4,3
692,2,3,2,2,2,3,4,4,3,2,2,4,4,5,2,3,2,2,2,4,2,4,5,2,2,2,2,2,1,2
693,4,4,4,5,2,4,2,5,1,1,1,5,1,1,2,5,1,1,1,4,5,5,5,1,1,5,1,1,5,1
694,4,4,2,3,2,4,1,2,1,2,1,3,1,1,1,4,1,2,2,3,5,5,5,1,4,5,1,5,5,1
695,5,5,3,4,2,5,6,4,6,5,4,5,4,4,6,5,1,5,4,4,2,3,5,2,1,2,1,6,5,1
696,5,4,4,6,3,5,2,6,6,2,2,4,2,3,2,4,3,3,4,2,5,3,2,4,4,4,3,6,5,2
697,5,6,2,2,4,4,3,4,4,4,4,3,2,2,2,4,1,2,2,4,3,5,5,2,2,2,3,2,5,1
698,5,4,4,1,1,5,2,2,1,1,1,1,1,2,2,1,1,1,1,2,2,5,5,1,2,5,1,1,5,2
699,5,1,5,4,1,3,2,1,1,1,2,1,1,4,2,5,1,3,4,2,3,1,5,1,1,2,1,2,5,1
700,4,2,4,2,2,4,6,4,2,2,4,4,2,2,4,4,2,2,2,2,2,4,6,6,2,4,2,2,4,2
701,3,1,4,2,4,4,1,3,1,2,3,5,2,4,2,4,2,2,4,2,4,5,4,1,2,5,1,4,5,2
702,5,1,5,2,1,5,1,2,2,2,3,1,2,4,2,3,2,2,3,5,3,2,5,5,5,5,3,2,1,3
703,4,3,5,2,2,4,3,2,2,4,3,4,1,4,3,4,2,5,3,4,2,1,4,3,2,1,1,3,4,5
704,5,2,5,5,1,5,5,5,5,1,5,2,1,1,1,4,1,1,1,3,1,2,1,1,1,2,2,1,5,1
705,5,3,2,2,2,5,4,4,2,1,1,2,1,2,2,4,2,2,2,2,2,5,5,2,3,4,2,3,5,2
706,4,2,2,2,3,4,4,2,4,3,4,3,4,4,6,4,2,4,4,2,2,2,2,4,6,2,2,2,2,3
707,5,4,5,2,2,5,1,2,2,3,4,4,1,3,2,4,1,2,2,3,2,5,2,4,3,6,3,4,1,2
708,4,3,2,2,2,3,3,3,4,2,4,2,3,3,4,3,2,3,3,2,2,4,3,2,2,1,2,2,5,1
709,5,4,3,2,4,4,6,4,2,6,5,4,2,2,3,4,1,2,2,3,2,3,5,1,3,2,2,3,5,2
710,4,2,4,1,3,4,3,3,4,4,3,4,2,4,4,3,2,3,4,2,2,3,4,4,3,3,3,2,2,3
711,5,4,4,2,2,5,2,2,4,1,3,4,2,2,2,4,2,2,4,2,2,2,3,4,4,2,1,1,5,2
712,5,4,3,4,3,4,3,4,2,3,2,3,2,3,2,3,2,2,2,2,2,3,4,2,2,3,1,3,4,2
713,5,5,4,2,2,5,4,4,1,1,2,2,2,2,2,4,1,1,1,4,2,4,5,4,4,5,1,1,5,1
714,2,2,2,2,2,2,2,4,4,2,4,2,2,2,4,4,2,2,2,4,4,4,4,4,4,2,2,2,2,2
715,4,4,4,1,4,2,2,1,1,2,2,1,3,3,2,5,1,2,1,1,4,5,4,1,1,5,1,3,5,1
716,5,2,4,1,2,5,2,2,1,2,4,3,2,2,2,3,2,3,4,2,2,2,4,4,2,4,2,2,2,2
717,5,1,1,5,1,5,1,1,1,5,5,1,5,5,1,5,1,1,5,1,1,1,5,1,1,1,1,1,5,1
718,5,3,4,3,5,5,3,5,2,2,2,5,2,4,2,5,1,5,1,5,5,2,5,5,2,4,1,3,5,1
719,4,4,4,4,2,5,4,4,2,1,2,2,2,3,3,4,2,2,2,2,5,5,4,4,4,5,1,1,5,2
720,5,4,4,2,4,5,4,4,2,1,2,4,1,1,2,3,2,3,3,1,1,3,2,5,1,3,1,1,5,3
721,5,2,4,4,3,5,4,3,2,1,2,4,2,3,2,5,1,2,2,2,5,5,5,1,2,5,1,3,5,2
722,4,6,2,2,2,3,4,6,4,1,2,3,1,4,6,4,2,2,2,1,5,6,5,2,1,5,2,2,4,1
723,5,4,3,4,2,5,2,4,4,2,3,3,2,3,4,5,1,2,2,2,2,2,5,2,2,2,3,3,3,2
724,4,3,2,2,4,5,4,2,1,2,2,3,2,4,3,5,1,2,2,5,5,1,5,1,2,3,2,2,5,1
725,4,3,5,2,2,2,2,4,3,4,2,2,2,2,2,4,2,3,1,2,3,2,3,2,2,3,2,2,6,2
726,4,5,5,4,2,5,2,5,5,1,4,2,3,4,2,4,5,4,4,4,2,2,1,4,1,5,2,1,3,4
727,1,1,1,1,2,3,1,4,4,1,4,2,1,1,2,2,1,2,1,2,5,2,5,1,1,1,1,1,5,1
728,2,4,4,2,2,2,4,4,2,1,4,2,2,4,4,4,2,4,4,5,2,3,2,2,2,4,2,2,5,1
729,1,2,3,1,1,1,4,2,5,1,4,1,2,4,6,1,2,1,2,2,4,3,4,1,1,4,1,1,5,1
730,5,5,2,2,2,5,4,2,2,1,2,2,3,4,3,4,1,2,2,2,1,4,4,2,4,3,1,2,4,2
731,5,2,5,2,2,3,3,3,2,2,3,2,2,4,3,3,2,3,3,2,2,3,3,3,3,2,2,2,4,3
732,5,1,4,2,3,5,2,5,3,1,4,3,2,2,3,4,2,1,2,3,4,3,4,3,4,5,1,2,5,2
733,1,1,1,5,1,1,5,1,4,1,5,1,2,5,5,1,1,2,1,1,5,5,1,3,1,5,1,1,5,1
734,5,4,4,4,2,1,2,2,2,1,3,2,2,4,2,5,2,2,1,3,4,4,5,2,2,3,1,2,5,2
735,5,1,4,1,2,5,2,2,2,2,2,2,1,4,2,4,2,4,2,2,4,4,4,4,2,4,4,3,4,3
736,1,4,1,5,3,1,4,2,1,1,4,4,1,4,2,5,1,1,1,1,3,2,1,1,2,1,1,1,5,1
737,5,6,2,4,5,2,4,5,4,2,6,5,2,6,5,6,1,4,2,1,5,5,5,1,1,5,6,1,2,1
738,5,2,4,1,3,4,2,4,4,2,2,4,3,3,2,4,1,4,4,2,3,2,5,1,1,4,1,1,1,3
739,2,2,4,2,1,4,4,2,4,2,4,4,2,4,4,2,2,2,4,1,2,2,4,2,4,2,2,2,4,4
740,5,5,5,2,2,5,4,2,1,1,1,3,2,2,6,2,1,4,5,2,1,1,3,4,1,1,1,1,5,3
741,4,3,1,3,1,4,4,3,2,2,3,1,2,3,3,4,1,3,2,2,2,1,1,3,4,2,3,1,2,1
742,5,1,1,1,1,5,3,5,1,1,5,4,1,1,3,3,1,1,2,1,1,1,3,6,5,5,1,1,4,3
743,5,4,5,1,1,4,5,2,2,2,6,1,1,2,3,3,1,2,2,2,2,4,5,2,5,3,2,2,2,2
744,5,3,3,4,3,4,3,6,1,1,2,5,1,1,2,3,1,4,1,4,4,3,5,2,6,4,1,1,1,3
745,5,5,3,1,3,5,5,4,3,1,1,2,1,1,2,3,1,1,1,1,1,4,2,2,2,3,1,3,5,3
746,4,4,4,1,1,3,3,2,2,1,4,2,1,4,1,5,1,1,1,1,5,5,5,1,5,4,2,2,5,1
747,4,2,2,2,2,2,2,4,4,1,5,3,2,2,4,1,2,4,2,2,4,4,3,1,2,3,1,2,4,2
748,3,1,2,1,2,3,4,2,1,1,1,3,1,3,2,3,1,2,1,1,4,4,4,2,3,4,1,1,5,1
749,5,4,4,2,2,5,2,4,2,1,2,4,2,4,2,2,1,1,3,2,3,2,3,4,3,5,1,2,1,3
750,5,3,2,2,2,5,4,3,3,4,4,2,2,4,2,2,1,4,4,2,1,2,5,4,3,5,3,3,1,4
751,3,4,3,4,4,4,6,4,6,4,1,5,4,3,4,2,2,4,3,4,5,3,5,4,1,3,4,4,5,2
752,4,4,3,4,1,4,2,4,2,4,4,1,2,5,4,5,2,3,2,1,1,3,2,4,1,2,2,3,4,2
753,5,1,3,2,1,3,2,3,3,4,5,2,3,4,3,5,1,4,2,3,2,1,4,2,3,4,1,2,4,1
754,5,2,3,4,4,5,3,3,1,1,1,4,2,1,3,3,1,3,2,2,3,3,3,3,3,4,2,3,5,1
755,4,4,4,3,1,4,4,3,2,2,3,2,2,4,2,5,2,4,2,4,2,5,5,2,1,4,3,3,4,2
756,5,6,4,4,1,5,6,3,6,2,3,6,1,4,3,4,1,4,3,3,2,1,5,2,2,2,2,1,5,1
757,5,4,1,4,2,4,5,3,4,2,4,2,2,2,2,4,1,3,1,2,3,2,4,3,2,4,2,2,5,2
758,4,2,1,5,5,4,1,2,4,1,5,5,5,1,1,4,1,1,1,4,5,5,5,1,5,5,1,2,5,1
759,5,3,4,2,3,4,4,4,6,1,4,3,3,3,6,5,2,6,3,2,4,2,3,2,2,3,4,2,3,4
760,5,4,5,1,3,5,2,3,2,3,3,3,2,2,3,2,2,1,1,3,4,4,4,1,2,5,1,1,5,2
761,4,3,4,3,2,3,4,4,2,4,4,3,2,4,2,3,2,2,3,2,3,1,3,2,3,2,2,2,5,1
762,5,1,1,1,3,4,2,4,2,4,2,5,2,3,2,1,3,1,4,2,4,2,5,1,1,1,1,5,5,1
763,5,3,1,5,2,4,5,4,4,3,1,2,3,4,2,4,1,1,4,5,5,4,1,4,4,4,4,1,1,5
764,3,4,4,2,2,5,4,2,1,1,1,2,5,2,4,2,1,3,5,4,5,2,4,4,4,1,1,1,5,4
765,5,2,6,2,2,5,2,2,2,2,4,4,2,2,2,4,1,2,1,1,5,5,5,1,5,5,6,1,6,1
766,5,2,3,2,3,5,6,2,2,3,3,5,4,1,6,4,1,2,1,4,3,1,4,1,2,1,2,2,3,1
767,2,5,5,3,5,2,4,4,5,4,5,5,5,5,5,1,2,4,5,3,1,1,2,5,5,1,5,4,1,4
768,5,4,5,4,2,2,3,3,4,1,2,4,1,2,4,4,1,4,4,6,3,5,5,3,1,5,1,2,5,3
769,5,3,5,2,2,5,5,4,3,2,4,4,3,4,2,4,3,3,4,1,1,2,4,5,1,4,1,1,5,3
770,5,4,4,2,2,4,3,5,2,1,2,2,1,2,2,3,2,4,4,1,1,3,1,4,2,2,1,1,3,3
771,5,4,3,4,4,5,4,3,6,2,4,4,2,4,6,5,2,2,2,3,2,4,3,3,3,4,2,2,5,2
772,5,4,5,3,2,5,4,4,2,2,2,2,2,4,2,4,1,2,2,2,4,4,5,2,4,3,2,2,5,2
773,5,4,1,1,1,5,5,4,4,1,1,1,1,5,5,5,1,5,5,5,1,1,5,1,5,3,1,1,5,1
774,5,3,4,2,2,5,3,3,3,3,4,3,2,3,2,4,2,3,2,2,1,4,3,4,3,3,3,3,2,3
775,5,5,5,1,1,5,1,5,1,5,5,1,1,1,1,5,1,1,1,1,5,1,1,1,1,5,1,1,5,1
776,4,3,2,4,4,4,3,4,2,4,2,5,2,2,4,4,2,4,2,4,4,4,4,2,4,4,3,2,2,2
777,3,1,2,3,2,3,4,4,2,4,4,2,2,4,2,2,1,2,2,4,3,4,4,1,4,3,1,1,1,1
778,5,4,5,3,1,4,4,3,3,2,4,1,4,4,2,3,3,3,4,1,1,4,5,5,4,4,3,2,1,3
779,5,4,4,2,1,4,4,4,2,2,4,2,4,3,1,4,2,2,4,4,2,4,5,3,2,3,4,4,4,4
780,4,4,5,2,2,2,4,4,2,2,2,3,2,4,2,4,1,2,2,2,2,5,5,2,4,5,1,1,5,2
781,4,4,4,4,2,4,3,2,2,2,2,3,2,2,2,4,2,2,2,2,2,3,4,3,2,2,1,2,5,3
782,5,5,5,2,2,5,5,3,1,1,1,2,2,3,3,3,3,3,2,1,2,4,5,6,2,3,2,2,5,4
783,5,5,2,3,3,5,4,2,2,2,2,2,2,2,2,4,2,1,1,2,5,5,2,1,2,5,1,3,5,1
784,5,2,2,4,1,4,2,2,2,2,4,2,2,2,2,4,2,2,2,4,4,4,5,2,4,4,2,4,4,2
785,2,4,2,5,5,1,2,2,1,2,1,5,2,3,3,4,1,1,1,4,5,5,5,1,2,5,1,4,5,2
786,5,5,3,1,1,5,1,5,1,1,1,1,1,1,1,5,1,1,1,5,1,5,5,5,1,5,1,5,1,1
787,5,4,4,2,2,5,2,4,4,2,5,2,2,4,2,2,1,2,2,2,2,5,5,3,4,5,2,2,5,2
788,5,3,5,1,2,4,4,4,6,4,4,2,2,4,2,3,2,4,2,4,2,3,2,3,2,2,2,2,4,2
789,5,2,4,2,1,5,4,2,3,2,2,2,2,3,2,2,3,2,2,2,3,4,5,3,3,5,3,3,3,4
790,2,2,5,1,5,5,5,3,5,1,3,3,5,5,1,1,1,1,5,1,1,1,1,1,1,1,3,1,5,1
791,4,2,4,4,1,2,2,2,4,1,4,2,2,4,4,4,2,2,4,2,2,2,4,2,2,4,2,2,1,2
792,5,4,4,3,1,5,5,4,3,1,4,2,4,4,3,4,1,5,3,2,5,5,4,1,5,5,1,2,5,3
793,4,2,4,2,1,4,4,1,1,2,5,1,2,2,2,4,2,4,5,2,1,4,5,2,5,4,3,2,5,1
794,4,3,4,2,3,2,3,2,4,2,4,4,2,3,2,3,2,4,2,3,2,4,3,3,4,3,2,3,3,2
795,5,5,5,1,1,5,1,2,2,1,2,2,2,2,4,5,3,4,4,2,1,1,2,5,4,2,1,1,4,4
796,5,4,3,2,2,5,3,4,2,1,1,2,1,2,2,3,1,2,1,1,1,5,5,2,3,5,1,2,1,2
797,5,4,4,2,2,4,3,3,4,1,2,4,4,2,3,4,1,1,4,2,1,5,1,2,2,4,1,1,5,2
798,5,2,3,2,3,4,2,4,1,2,2,4,1,2,2,3,1,2,2,2,4,5,5,1,3,4,2,2,5,2
799,4,4,3,4,3,4,4,4,3,2,4,4,4,2,3,4,2,4,4,4,2,2,5,4,5,2,2,2,5,4
800,5,4,4,2,3,4,4,2,4,2,4,3,2,4,2,4,1,2,1,4,2,2,5,1,2,3,2,2,5,2
801,5,4,4,2,2,4,4,2,3,2,2,2,2,4,2,4,4,2,2,3,1,3,4,4,5,4,2,4,4,3
802,5,3,1,5,1,5,5,5,1,4,2,3,2,3,5,1,1,5,3,2,1,3,1,5,2,5,5,1,5,1
803,5,4,4,2,4,4,3,4,2,1,2,4,2,4,3,2,1,4,3,2,2,3,4,2,2,3,2,3,5,2
804,4,2,4,2,2,4,2,2,4,4,2,4,5,4,3,5,2,2,5,2,1,1,4,4,4,3,5,4,3,2
805,4,2,1,3,2,5,4,5,3,2,4,2,3,3,1,3,3,2,2,2,2,2,4,4,3,3,4,4,5,2
806,5,4,4,2,2,4,4,5,2,4,1,4,1,3,2,5,2,2,1,3,1,3,5,4,4,5,2,2,5,1
807,5,4,3,1,3,4,4,2,1,1,1,3,2,1,3,4,1,2,1,4,2,2,3,1,3,3,1,1,5,1
808,4,4,5,4,2,5,4,5,2,1,5,4,4,3,2,2,2,2,2,4,3,2,5,4,2,4,2,2,5,2
809,2,2,4,4,2,4,2,4,2,2,4,2,2,2,2,4,2,4,4,2,2,2,2,4,2,4,2,2,4,2
810,2,5,5,4,2,4,4,4,2,2,3,2,2,2,2,3,2,2,2,2,1,2,3,4,3,2,4,4,1,3
811,4,4,4,2,4,5,3,4,1,1,2,4,4,2,2,4,2,4,2,2,2,3,2,4,3,4,1,2,5,2
812,4,1,1,2,2,4,1,1,2,4,4,3,1,5,3,4,1,2,2,1,4,3,5,1,1,2,2,2,1,1
813,5,3,4,2,2,4,6,4,2,3,3,4,1,2,2,5,1,1,1,2,4,5,5,2,1,4,1,4,5,1
814,3,3,2,3,2,3,2,4,6,1,2,1,2,2,2,5,1,2,1,2,5,3,5,1,4,2,1,1,1,1
815,5,6,2,4,4,4,3,4,2,1,2,4,2,2,3,5,2,3,2,4,4,4,4,4,3,4,3,2,1,1
816,5,5,5,3,3,2,2,5,5,1,2,1,2,5,3,4,5,1,5,1,1,1,1,1,1,1,3,2,1,1
817,5,2,1,4,4,3,2,2,4,2,4,4,1,3,5,1,1,1,1,5,5,2,5,1,1,1,1,2,1,1
818,5,5,5,4,2,4,2,4,2,2,2,2,2,2,2,3,3,2,2,2,2,2,4,3,4,4,3,3,5,4
819,5,2,1,4,3,3,1,2,4,2,4,4,4,2,3,5,1,2,1,5,5,5,4,5,5,5,2,1,5,1
820,4,4,4,4,4,4,2,4,2,2,2,4,3,2,2,4,2,2,2,2,2,4,4,2,2,3,1,2,5,4
821,5,4,5,2,2,2,5,4,3,2,4,2,2,5,3,4,1,2,4,1,5,1,5,1,3,1,1,2,2,1
822,5,2,4,1,2,5,5,2,1,1,2,4,4,1,2,2,1,2,4,1,1,1,2,4,2,1,2,1,4,2
823,5,5,5,2,1,5,6,2,2,3,3,1,1,2,1,3,2,2,2,2,1,3,2,5,3,4,1,1,5,2
824,5,4,4,3,5,5,2,4,4,4,5,4,4,4,6,1,1,2,1,5,4,5,4,2,3,4,1,2,5,1
825,5,4,4,2,2,4,3,2,1,1,2,3,2,1,3,3,1,4,2,2,2,3,4,2,2,2,1,2,2,2
826,5,3,4,2,2,4,4,4,2,2,4,2,1,4,4,1,1,2,4,2,2,4,4,3,4,4,2,2,2,2
827,6,6,3,2,4,3,1,1,2,1,4,5,1,3,6,5,1,2,1,4,5,5,5,5,6,5,1,1,5,1
828,4,4,2,4,4,4,4,2,4,2,2,4,2,4,2,5,1,2,2,4,1,5,4,2,2,4,1,4,4,1
829,4,1,2,4,4,2,2,2,2,2,4,4,1,1,2,3,2,3,4,3,5,2,5,1,1,2,1,2,4,1
830,4,4,4,2,5,4,4,4,4,5,5,5,2,3,3,5,2,1,4,4,1,3,3,2,1,5,1,1,5,1
831,5,2,4,2,2,5,2,4,2,2,2,2,1,2,2,2,2,2,3,2,3,5,5,4,5,5,2,3,5,2
832,4,1,2,2,2,4,2,4,2,2,2,3,2,2,3,4,1,2,1,3,5,5,5,1,2,5,2,5,5,1
833,4,4,4,4,2,4,2,3,4,4,4,2,3,4,3,4,4,4,4,4,4,4,4,4,2,4,2,2,2,2
834,5,5,5,4,2,5,4,3,2,2,3,1,2,2,2,3,2,4,2,2,1,5,5,5,5,4,5,4,5,2
835,3,3,4,4,2,4,4,4,4,4,4,1,2,4,2,3,2,4,4,4,2,2,4,4,4,4,3,4,4,4
836,4,2,3,2,1,2,3,3,4,2,5,1,5,5,3,4,1,2,2,4,1,1,5,2,3,3,3,1,1,1
837,5,4,4,2,1,5,1,5,5,1,5,1,1,2,2,4,2,2,2,2,2,5,5,2,2,5,1,1,5,1
838,1,1,1,1,1,1,1,1,1,5,5,1,1,5,1,1,1,1,1,1,5,1,1,1,1,5,1,1,1,1
839,5,4,3,5,1,4,4,4,3,4,2,1,3,4,2,2,2,2,4,2,1,2,4,5,1,5,2,2,4,3
840,5,2,4,2,2,4,2,2,2,1,2,2,1,2,2,3,1,2,2,2,4,5,4,1,2,5,2,2,5,1
841,5,4,4,2,4,4,4,4,2,2,4,5,2,4,2,4,2,2,2,2,4,1,5,3,4,2,2,2,2,2
842,5,5,5,1,2,5,2,5,4,1,2,3,1,1,3,2,5,4,4,2,1,1,1,4,4,1,4,1,4,3
843,5,4,3,4,3,5,5,5,5,3,4,3,4,4,5,1,1,2,2,2,5,3,4,1,3,5,1,1,5,1
844,5,3,1,3,5,3,3,3,1,1,5,5,1,1,1,5,1,1,1,3,5,5,5,1,2,5,1,5,5,1
845,4,4,4,2,2,4,4,3,2,2,4,2,2,2,2,3,1,4,4,2,2,4,4,3,4,2,4,3,5,2
846,5,1,1,1,1,1,1,2,1,1,5,5,1,1,5,5,1,2,1,1,5,5,5,1,1,1,1,1,1,1
847,5,3,2,4,2,3,2,3,2,2,4,3,2,4,3,4,1,2,1,4,4,4,5,4,3,2,3,1,5,1
848,4,4,4,5,3,5,5,5,5,5,5,5,4,3,2,3,1,1,1,1,4,1,5,1,1,1,1,3,5,1
849,2,4,6,4,1,4,6,5,4,5,2,3,4,6,6,4,1,3,1,2,2,3,1,1,6,4,2,1,5,1
850,5,1,4,1,1,4,1,5,2,1,1,1,1,3,2,2,1,1,1,5,3,4,5,3,2,5,1,2,5,2
851,5,4,4,4,5,5,2,4,1,6,5,5,1,1,1,5,1,4,2,3,5,5,5,3,1,5,2,2,5,1
852,1,1,1,1,5,1,1,1,1,1,5,5,5,1,1,5,1,1,1,1,5,5,5,1,1,5,1,5,1,1
853,4,3,2,2,2,3,2,2,3,4,4,4,2,2,2,4,1,2,1,4,5,4,4,1,2,4,2,2,4,1
854,5,5,2,2,2,4,1,5,2,1,5,1,1,5,3,2,1,1,5,1,5,1,5,3,3,1,3,1,5,1
855,5,4,3,1,1,5,3,2,2,1,4,2,2,2,2,5,1,3,2,3,2,4,4,2,2,4,1,3,5,2
856,5,4,5,4,2,5,3,5,2,1,5,5,1,1,4,4,1,2,2,2,1,1,3,1,3,2,1,1,5,1
857,5,4,4,2,2,4,5,4,4,3,2,4,2,4,4,3,2,2,2,1,4,2,4,4,4,1,2,1,5,2
858,5,4,3,3,4,4,4,4,3,3,2,4,4,3,2,4,2,2,2,4,3,2,5,2,4,2,4,3,4,2
859,4,2,3,2,1,1,3,5,1,5,4,5,1,5,3,1,1,2,5,2,3,2,3,3,4,2,2,1,5,3
860,5,6,2,4,5,5,6,6,6,1,4,5,1,4,1,5,1,3,2,5,1,3,5,4,6,1,4,6,1,1
861,5,3,5,2,2,4,4,4,2,2,2,3,2,4,2,4,2,3,1,2,3,3,4,2,3,4,2,4,1,2
862,5,4,3,2,1,4,3,1,5,3,4,1,2,3,2,4,1,3,2,3,1,1,5,1,3,2,3,6,5,2
863,4,3,5,2,4,4,3,2,4,2,4,4,2,5,3,5,1,2,3,2,5,5,5,1,1,4,4,3,5,1
864,5,5,2,4,2,4,2,4,4,1,4,3,2,2,3,3,2,4,2,2,5,5,5,3,1,5,1,3,5,1
865,4,2,2,2,2,2,3,3,1,1,2,2,2,1,3,4,1,1,2,5,3,3,5,2,2,3,1,1,1,1
866,5,4,5,2,2,5,4,4,3,2,2,3,2,4,2,3,2,2,2,2,3,5,2,3,2,4,2,4,4,4
867,5,5,4,2,2,5,2,4,2,2,1,2,2,2,4,4,2,2,2,2,3,5,4,2,2,5,2,2,1,1
868,3,2,4,3,3,2,3,3,5,1,2,2,1,3,2,2,1,2,2,6,2,5,5,2,5,2,1,1,1,1
869,5,2,4,1,1,5,4,5,1,1,1,2,2,4,2,3,1,5,5,1,1,1,2,4,2,4,1,1,2,4
870,5,5,6,2,5,5,4,5,1,1,3,5,2,2,2,3,1,1,2,2,1,1,2,1,4,3,4,2,5,4
871,5,5,5,1,2,5,6,4,1,2,2,3,3,2,2,2,2,2,3,3,3,4,5,5,6,4,3,3,4,6
872,4,4,4,2,2,4,2,2,2,2,2,2,2,2,2,4,2,2,2,2,4,4,4,2,2,4,2,4,5,4
873,4,3,4,2,4,4,3,4,4,5,5,4,2,4,3,4,2,4,4,3,2,1,4,4,3,1,3,3,4,3
874,2,2,1,4,4,4,5,4,5,5,5,5,5,3,4,4,1,5,4,4,1,2,4,2,2,3,3,2,1,1
875,3,4,2,3,3,3,2,4,3,1,4,4,2,3,3,5,2,3,2,4,3,3,4,3,2,5,1,1,1,2
876,4,5,5,4,1,2,5,1,5,3,5,1,5,5,5,1,4,4,5,1,1,1,2,5,5,1,5,1,2,5
877,5,4,4,3,2,5,5,2,1,1,2,4,2,2,2,4,2,4,2,2,4,2,4,1,3,2,1,1,5,2
878,5,3,4,2,3,4,1,4,2,4,5,4,2,1,2,4,1,2,1,4,5,4,5,4,2,3,3,4,1,2
879,5,5,5,1,1,5,1,5,1,1,1,3,1,5,3,3,1,1,1,1,3,5,5,5,1,3,1,1,1,1
880,4,3,2,4,3,4,2,2,4,2,2,3,2,3,2,5,1,2,1,1,5,5,5,2,5,4,1,3,5,2
881,5,3,4,4,1,5,3,4,1,4,4,4,2,2,2,4,4,2,4,4,3,2,1,5,2,1,4,2,1,2
882,4,4,2,2,2,2,4,2,4,4,4,2,3,4,2,5,2,4,4,2,2,2,4,1,2,2,3,2,4,2
883,5,5,5,1,1,5,4,1,5,5,5,1,4,5,3,2,2,5,5,1,1,1,1,2,5,1,5,1,1,4
884,5,4,2,4,4,5,3,4,3,2,2,4,4,3,2,3,1,4,4,2,4,2,4,3,2,3,3,2,3,3
885,5,3,4,4,4,4,3,3,2,2,4,4,3,4,3,4,2,3,4,4,2,2,5,2,2,2,2,2,1,3
886,5,6,1,6,1,4,6,6,6,4,2,2,2,3,6,5,2,2,2,5,2,2,4,4,6,6,6,6,3,3
887,6,5,5,2,3,3,2,4,3,3,4,3,2,3,2,3,1,2,2,2,4,3,3,3,4,4,1,3,5,3
888,5,4,5,1,3,5,5,3,3,2,3,3,1,3,3,3,2,2,2,2,4,5,5,1,3,5,1,1,5,2
889,5,4,5,2,1,5,4,2,2,1,1,2,1,3,2,4,2,2,2,2,2,2,2,2,5,2,2,2,5,2
890,5,3,4,6,4,5,4,5,2,1,5,5,2,1,2,4,1,6,1,3,4,5,3,2,1,5,3,1,5,1
891,5,3,3,3,4,5,4,4,3,2,4,3,2,4,3,3,2,3,2,2,3,5,5,3,4,4,3,2,4,1
892,5,4,4,2,2,4,2,2,2,2,4,3,2,4,2,4,1,4,2,1,5,5,5,1,2,4,1,2,5,4
893,5,5,2,4,5,2,2,4,1,4,5,5,1,1,1,4,1,1,1,2,5,5,5,1,4,5,1,2,5,1
894,5,5,4,4,4,2,2,4,4,1,4,4,4,3,4,3,1,2,4,1,2,4,2,1,1,2,1,2,5,1
895,5,4,3,4,4,5,6,3,4,2,4,3,3,3,2,3,3,4,4,2,1,1,3,4,2,1,1,2,5,4
896,5,4,4,2,2,5,3,3,2,3,3,2,2,3,2,3,2,2,2,2,2,4,4,3,4,4,3,3,4,2
897,5,5,5,4,2,5,4,4,3,4,3,2,2,4,4,3,2,2,2,4,4,5,5,4,2,5,3,4,5,3
898,4,4,2,4,2,5,5,1,2,1,3,5,4,5,2,5,1,4,2,5,2,5,5,4,1,3,1,1,1,1
899,5,5,5,1,1,5,5,1,3,1,1,1,5,1,1,3,1,1,1,1,1,5,3,3,4,5,1,1,1,3
900,5,2,5,3,5,4,4,2,3,1,4,5,1,1,3,4,1,2,2,5,5,1,5,3,4,4,2,1,1,1
901,5,3,2,3,4,5,3,5,2,1,1,5,1,1,3,5,2,2,2,2,5,5,2,2,2,5,1,2,5,2
902,5,2,3,2,2,4,3,2,2,3,4,2,2,3,2,3,2,2,2,2,4,4,3,2,4,4,2,4,1,2
903,5,2,2,4,2,5,2,4,2,4,1,3,2,4,2,4,1,2,2,2,2,4,2,2,5,5,2,2,1,2
904,4,4,4,2,1,4,2,2,2,2,2,2,2,4,2,4,2,2,4,2,2,3,3,4,2,4,2,2,4,4
905,5,6,5,1,5,5,3,3,1,1,3,5,3,2,2,4,1,2,3,1,3,3,5,1,2,4,1,1,5,1
906,4,4,2,4,2,4,3,2,4,4,2,4,2,2,2,3,2,2,2,2,3,5,5,3,2,4,4,2,2,3
907,3,2,2,4,2,3,4,4,1,1,1,4,2,3,3,5,1,4,2,4,4,3,3,1,3,4,2,2,1,2
908,5,5,2,4,4,5,5,3,2,1,2,5,2,4,4,3,2,2,3,1,2,4,5,4,4,1,1,1,5,4
909,5,5,5,2,2,5,5,3,2,2,5,5,2,4,1,5,2,2,2,5,4,5,5,4,3,5,2,4,5,1
910,5,2,3,2,3,5,2,3,2,1,5,5,2,2,2,5,4,3,2,2,4,4,4,3,4,4,2,2,5,1
911,4,3,4,4,3,5,4,5,6,2,3,4,2,2,2,4,3,5,1,4,5,5,5,2,2,5,1,2,6,2
912,5,4,4,1,2,5,4,3,2,1,1,3,2,1,3,4,2,2,2,1,1,4,4,1,2,4,1,2,4,2
913,5,4,2,4,2,4,2,2,2,2,4,3,2,2,2,3,2,1,1,2,4,4,4,1,2,4,2,2,5,1
914,5,2,4,2,1,4,5,3,2,1,5,2,1,2,3,4,2,2,2,3,3,3,3,2,2,5,1,2,5,3
915,5,2,3,4,3,4,3,4,2,1,3,3,3,3,1,3,1,4,1,2,5,3,4,2,1,5,2,4,5,3
916,5,4,3,2,4,5,4,5,2,1,2,5,2,2,2,5,2,4,5,2,2,2,5,2,2,2,2,2,5,2
917,2,1,1,4,1,4,4,3,2,1,2,2,4,3,2,4,1,5,1,2,2,5,4,1,2,4,2,3,5,1
918,5,3,1,4,4,5,5,5,2,1,5,3,1,5,3,4,1,1,1,1,4,5,3,1,1,5,1,1,5,1
919,5,4,3,1,5,5,4,5,5,1,5,5,2,2,2,3,1,3,2,1,3,4,3,3,3,2,2,2,1,2
920,5,6,5,3,3,4,4,3,4,4,4,2,2,4,2,4,2,2,2,2,3,3,4,4,4,2,3,2,4,3
921,4,4,2,4,4,3,3,2,2,2,4,5,2,2,2,4,1,3,2,2,3,6,2,4,1,3,2,2,1,2
922,3,2,2,2,1,3,4,4,4,4,2,1,3,5,6,4,1,4,3,2,4,2,4,2,2,4,2,3,2,3
923,5,2,4,2,2,4,4,4,4,2,3,3,4,4,4,4,2,2,4,2,2,2,4,3,3,4,2,2,5,2
924,5,4,3,2,2,4,4,2,5,1,3,3,2,2,2,3,2,3,2,2,1,3,3,2,2,2,1,1,5,2
925,3,4,1,3,2,2,3,3,2,1,4,1,2,3,3,2,1,3,2,5,1,3,5,1,1,1,1,1,5,1
926,3,4,4,5,2,2,1,1,3,1,4,3,1,3,2,4,1,2,1,1,1,2,4,2,5,5,1,4,5,1
927,4,4,5,2,2,6,4,3,4,4,3,5,2,2,3,1,2,3,5,2,1,1,3,5,6,3,1,1,2,2
928,5,5,5,3,2,4,4,2,3,4,5,5,5,2,3,5,1,2,1,5,2,2,5,3,3,4,1,1,5,3
929,5,1,5,5,1,5,2,5,2,1,2,2,2,2,2,3,2,2,2,2,4,4,3,2,5,3,2,2,5,2
930,5,4,4,1,2,5,5,2,2,2,4,4,4,3,2,3,2,4,2,4,2,2,3,3,2,2,2,3,4,2
931,4,2,4,2,2,2,3,4,2,2,4,4,2,3,2,4,1,2,2,2,4,5,5,1,1,4,1,1,4,1
932,4,2,2,2,2,4,5,4,6,3,4,3,2,2,2,3,1,6,2,1,3,4,4,2,2,4,2,4,2,6
933,3,3,5,5,3,5,1,3,5,1,5,1,1,1,1,5,1,1,1,1,1,1,5,1,5,5,1,1,5,1
934,4,3,3,2,2,5,2,6,1,2,1,2,2,6,2,5,1,2,1,2,3,4,3,2,1,6,1,6,1,1
935,5,5,4,2,5,5,4,3,3,4,4,5,4,3,2,3,1,3,4,3,4,5,5,2,5,5,2,1,5,3
936,4,5,4,2,4,5,4,4,2,1,5,4,4,3,2,5,1,4,2,4,3,2,5,1,2,4,2,3,5,1
937,5,5,6,5,3,5,5,3,5,5,5,5,1,3,3,3,1,1,1,1,5,5,5,1,5,5,3,5,1,1
938,5,3,2,2,1,2,2,2,3,1,2,5,4,4,2,5,5,3,1,2,5,5,5,5,3,4,2,2,1,1
939,5,2,1,1,4,5,2,2,2,3,4,4,1,4,1,4,1,1,1,2,5,5,5,4,4,5,5,3,1,1
940,2,2,1,5,5,6,6,5,2,4,4,5,1,1,4,6,1,1,1,1,1,3,5,1,1,5,1,1,5,1
941,4,4,4,2,3,3,2,3,4,3,1,3,3,3,4,3,2,2,2,2,2,2,2,3,3,2,4,3,2,2
942,1,1,4,1,1,4,1,1,5,5,1,1,1,5,1,5,1,1,1,1,1,1,5,1,1,5,1,1,1,1
943,5,5,4,2,2,5,4,4,4,2,4,4,1,4,2,5,2,2,2,4,2,1,5,5,4,2,1,2,5,4
944,5,2,5,5,5,5,5,4,1,4,5,5,2,1,3,5,1,4,1,2,3,2,5,2,3,1,4,2,5,4
945,5,3,2,1,2,5,2,4,2,1,2,4,1,1,2,2,1,1,1,4,1,4,2,1,2,3,1,3,5,1
946,4,4,4,4,2,3,4,4,3,4,4,2,4,5,3,3,1,3,4,1,2,2,4,2,3,2,3,2,2,1
947,4,2,4,2,2,3,4,2,2,3,4,2,2,4,2,4,1,2,4,1,2,2,4,3,2,4,6,2,5,3
948,5,2,2,2,5,5,3,4,1,1,1,5,1,1,2,4,1,1,1,3,4,4,5,1,4,4,3,4,5,1
949,5,2,5,2,2,5,4,1,2,3,5,1,3,2,3,4,3,2,4,2,2,4,5,4,5,3,1,3,4,2
950,3,2,5,4,2,4,2,4,3,1,5,2,2,3,3,3,1,2,2,3,3,5,5,4,4,5,2,2,5,2
951,4,6,3,3,4,5,2,4,2,4,3,5,2,2,3,1,3,3,1,5,5,2,4,2,5,1,3,2,1,2
952,2,4,4,2,4,2,4,4,4,2,2,4,4,2,2,5,2,3,2,2,2,4,4,4,3,4,2,2,4,3
953,5,4,2,3,4,4,2,4,2,2,3,5,2,3,2,2,1,3,2,3,5,2,5,1,3,2,2,4,5,1
954,1,1,1,1,5,1,1,1,5,1,1,1,5,1,1,5,1,5,1,1,5,5,5,1,1,5,1,1,5,1
955,5,4,4,2,2,4,2,2,4,4,3,2,3,4,2,2,2,2,2,2,2,4,4,4,4,4,2,2,4,2
956,5,5,3,4,4,4,4,4,2,1,4,4,2,3,2,4,1,2,2,2,4,3,4,2,3,4,2,2,5,2
957,2,2,4,3,2,4,4,4,2,2,5,3,2,4,3,3,1,2,4,2,3,1,2,2,2,2,2,2,5,1
958,5,3,2,2,2,5,2,2,2,2,4,5,1,2,2,3,1,2,1,5,3,1,3,1,3,2,1,1,1,1
959,4,4,5,4,2,4,3,5,2,3,2,4,2,3,2,3,3,4,2,2,1,4,2,3,4,3,1,2,5,2
960,1,2,1,3,1,3,4,4,3,4,4,1,4,4,1,4,1,3,2,4,4,3,4,1,4,2,3,1,1,1
961,5,5,2,2,2,4,2,3,4,2,1,1,2,4,2,2,4,4,2,1,1,5,4,4,4,2,4,2,4,2
962,5,2,5,1,2,5,4,4,2,1,1,2,2,3,2,4,1,2,2,2,1,2,2,2,2,3,3,3,5,2
963,3,3,3,3,3,3,3,3,5,3,5,3,3,3,3,2,1,3,3,2,3,2,3,3,3,4,3,3,5,1
964,4,3,4,3,2,4,2,4,3,3,4,2,2,5,2,4,2,2,3,2,2,2,4,4,3,2,2,3,5,5
965,5,4,5,2,3,2,3,5,1,1,1,3,1,3,2,4,1,4,1,3,4,4,2,1,1,5,1,1,5,1
966,1,1,1,5,5,1,1,1,1,3,1,5,1,1,1,5,1,5,1,5,5,5,5,1,1,5,5,5,1,1
967,3,4,4,1,4,5,3,5,1,2,5,5,2,2,2,2,1,2,2,3,1,3,2,1,3,2,1,2,5,1
968,2,4,1,5,1,3,3,3,3,1,2,2,3,5,3,2,1,4,3,5,1,3,5,1,3,4,1,2,5,1
969,5,3,5,4,1,5,4,2,4,5,5,1,4,5,5,2,1,4,4,1,3,2,5,5,2,1,2,1,1,4
970,3,3,4,3,2,3,4,4,4,2,4,3,2,4,3,4,2,2,2,2,3,3,5,4,2,3,2,2,5,2
971,5,5,4,1,1,4,5,5,5,2,2,4,3,1,1,3,1,4,3,3,2,3,1,1,2,4,1,2,5,1
972,2,4,4,2,2,2,4,2,4,1,2,2,2,2,2,2,2,2,1,1,4,4,4,1,1,4,1,1,5,2
973,5,4,4,4,4,3,2,3,5,3,5,4,1,5,3,5,2,1,4,1,3,1,5,1,1,1,4,1,4,4
974,5,3,4,2,2,5,2,3,2,2,2,2,2,2,2,4,2,2,2,2,4,4,5,3,3,5,2,2,5,3
975,4,3,4,4,6,6,3,2,3,4,3,4,2,4,2,3,1,2,2,2,2,1,3,2,3,2,6,3,6,2
976,2,2,1,2,1,1,2,4,2,5,3,1,5,5,3,3,1,4,3,1,5,2,4,1,1,1,3,1,5,1
977,1,3,1,3,4,5,5,1,1,1,3,4,1,2,5,1,1,5,1,1,5,5,5,1,3,1,1,1,5,1
978,5,5,1,1,1,5,1,4,1,1,2,4,2,2,2,2,1,1,1,3,4,4,4,1,3,3,1,3,4,1
979,3,2,2,2,3,2,3,1,1,3,2,3,4,4,2,3,1,5,2,2,4,1,3,1,3,3,2,2,5,2
980,5,2,5,2,2,5,4,3,2,4,4,4,1,4,2,4,1,2,2,2,1,2,5,4,4,4,2,2,4,2
981,1,1,1,5,5,1,1,5,1,1,5,5,5,1,5,5,1,1,1,5,5,5,5,1,1,5,1,1,5,1
982,4,4,2,2,1,3,2,4,2,2,4,3,2,4,3,4,2,3,4,5,3,3,2,1,3,2,1,2,5,2
983,1,2,2,4,2,1,3,1,3,2,3,1,3,4,3,3,3,5,5,1,1,1,1,3,1,1,1,5,1,5
984,5,5,5,1,1,5,5,1,1,1,1,4,1,2,2,2,2,5,1,2,1,2,2,3,2,1,2,2,4,2
985,5,5,5,2,2,5,4,2,2,2,4,4,4,4,3,4,1,3,4,2,1,1,4,2,2,4,1,2,2,2
986,4,2,2,4,2,2,1,4,2,1,1,5,1,4,1,3,1,1,1,4,3,3,5,3,4,5,1,1,1,1
987,5,4,3,2,2,5,4,2,3,1,4,4,1,1,2,3,1,2,2,1,4,1,2,1,2,2,2,2,5,2
988,5,5,5,2,1,4,4,4,4,2,2,1,1,3,4,3,1,4,4,2,3,4,1,3,1,4,2,2,5,2
989,5,1,5,5,5,5,5,1,1,1,5,1,1,5,1,5,1,5,1,5,1,1,5,1,5,5,1,1,5,1
990,1,1,1,5,4,1,3,3,1,1,1,5,5,1,3,5,1,3,1,5,5,5,5,1,1,5,1,3,5,1
991,5,3,4,2,1,5,4,3,6,2,2,2,2,4,6,3,2,5,4,2,2,4,4,3,4,3,3,1,5,2
992,4,3,1,2,2,3,6,2,3,5,2,2,4,5,3,4,2,3,2,2,4,2,4,2,2,4,2,3,2,2
993,5,4,3,3,4,5,3,4,2,2,1,2,1,2,1,2,1,6,2,1,4,5,5,5,6,4,1,1,4,2
994,3,2,2,2,3,2,2,5,4,3,5,2,2,4,3,4,1,2,1,2,4,2,4,2,1,3,2,3,5,1
995,5,4,5,1,1,5,3,1,2,1,2,4,3,2,2,4,2,2,2,2,5,4,5,3,3,4,2,3,5,3
996,3,1,1,4,3,2,2,3,1,1,2,4,1,2,3,3,1,1,1,1,4,5,4,1,1,5,1,1,1,1
997,5,4,4,2,2,5,5,5,4,4,4,3,2,5,2,5,1,3,2,5,4,2,4,1,4,2,2,3,5,1
998,2,1,1,5,5,2,1,4,2,4,2,5,2,1,1,5,1,2,1,4,5,5,5,1,1,5,1,4,5,2
999,4,3,1,4,1,5,1,5,5,1,5,3,1,2,3,4,1,1,2,3,5,6,5,2,4,3,2,5,5,1
1000,5,3,2,2,4,4,4,4,1,2,1,2,2,2,1,5,1,2,1,3,4,3,5,1,2,5,1,2,5,1
